<?xml version="1.0"?>
<Column xmlns:xsd="http://www.w3.org/2001/XMLSchema" xmlns:xsi="http://www.w3.org/2001/XMLSchema-instance">
  <id>6d98309d-93eb-44c9-a8e2-7795305d85c6</id>
  <name>Column_1</name>
  <parentId>2e06093c-4ba9-49dd-af1f-33a13c942d57</parentId>
  <path>/Dev_Raman/New Folder/Column_1</path>
  <properties />
  <parameterReferences xsi:nil="true" />
  <filterColumns xsi:nil="true" />
  <calculation>%1</calculation>
  <dataType>boolean</dataType>
  <drillable>false</drillable>
  <sourceColumns>
    <column>
      <dataSourceId>1f1f1ddc-ff69-4b82-a607-1923ce48b3b9</dataSourceId>
      <dataSourceName>Data source</dataSourceName>
      <schema>dbo</schema>
      <catalog>AdventureWorksDW2016</catalog>
      <table>AdventureWorksDWBuildVersion</table>
      <column>DBVersion</column>
    </column>
  </sourceColumns>
  <aggregationKeys />
</Column>