<?xml version="1.0"?>
<Column xmlns:xsd="http://www.w3.org/2001/XMLSchema" xmlns:xsi="http://www.w3.org/2001/XMLSchema-instance">
  <id>3e167d43-cb69-4a01-8fd5-a149d3060728</id>
  <name>Column</name>
  <parentId>4130f383-d035-4009-8d63-c557c55f42dd</parentId>
  <path>/Dev_Raman/Column</path>
  <properties />
  <parameterReferences xsi:nil="true" />
  <filterColumns xsi:nil="true" />
  <calculation>%1</calculation>
  <dataType>string</dataType>
  <drillable>false</drillable>
  <sourceColumns>
    <column>
      <dataSourceId>1f1f1ddc-ff69-4b82-a607-1923ce48b3b9</dataSourceId>
      <dataSourceName>Data source</dataSourceName>
      <schema>dbo</schema>
      <catalog>Application_Guidance76</catalog>
      <table>BinaryContents</table>
      <column>Id</column>
    </column>
  </sourceColumns>
  <aggregationKeys />
</Column>