<?xml version="1.0"?>
<InformationLink xmlns:xsd="http://www.w3.org/2001/XMLSchema" xmlns:xsi="http://www.w3.org/2001/XMLSchema-instance">
  <id>b7a54388-136d-4ac2-8fbe-fd4439532b1a</id>
  <name>Information link2</name>
  <parentId>4130f383-d035-4009-8d63-c557c55f42dd</parentId>
  <path>/Dev_Raman/Information link2</path>
  <properties>
    <property>
      <key>InformationLinkReference</key>
      <value>b7a54388-136d-4ac2-8fbe-fd4439532b1a</value>
    </property>
  </properties>
  <parameterReferences />
  <elementRefs>
    <reference>
      <elementId>3e167d43-cb69-4a01-8fd5-a149d3060728</elementId>
      <hidden>false</hidden>
      <promptGroup>0</promptGroup>
      <properties>
        <property>
          <key>Spotfire.Group</key>
          <value>0</value>
        </property>
      </properties>
    </reference>
  </elementRefs>
  <joins />
  <SQL />
  <preProcedureRefs />
  <postProcedureRefs />
  <staticFilters xsi:nil="true" />
  <promptableFilters xsi:nil="true" />
  <namedParameterDefinitions />
</InformationLink>