<?xml version="1.0"?>
<InformationLink xmlns:xsd="http://www.w3.org/2001/XMLSchema" xmlns:xsi="http://www.w3.org/2001/XMLSchema-instance">
  <id>e8b126d3-8a2c-4dc7-bf19-419bed720683</id>
  <name>Information link_1</name>
  <parentId>4130f383-d035-4009-8d63-c557c55f42dd</parentId>
  <path>/Dev_Raman/Information link_1</path>
  <properties>
    <property>
      <key>InformationLinkReference</key>
      <value>e8b126d3-8a2c-4dc7-bf19-419bed720683</value>
    </property>
  </properties>
  <parameterReferences />
  <elementRefs>
    <reference>
      <elementId>6d98309d-93eb-44c9-a8e2-7795305d85c6</elementId>
      <hidden>false</hidden>
      <promptGroup>0</promptGroup>
      <properties>
        <property>
          <key>Spotfire.Group</key>
          <value>0</value>
        </property>
      </properties>
    </reference>
  </elementRefs>
  <joins />
  <SQL />
  <preProcedureRefs />
  <postProcedureRefs />
  <staticFilters xsi:nil="true" />
  <promptableFilters xsi:nil="true" />
  <namedParameterDefinitions />
</InformationLink>