<?xml version="1.0"?>
<Column xmlns:xsd="http://www.w3.org/2001/XMLSchema" xmlns:xsi="http://www.w3.org/2001/XMLSchema-instance">
  <id>2aabd683-a65e-4790-b126-847cfd666013</id>
  <name>C3 additional</name>
  <parentId>c654d996-e0c4-4a40-9aa0-01881f96c1d2</parentId>
  <path>/IXLCGEN-5726/Folder 3/C3 additional</path>
  <properties />
  <parameterReferences xsi:nil="true" />
  <filterColumns xsi:nil="true" />
  <calculation>%1</calculation>
  <dataType>string</dataType>
  <drillable>false</drillable>
  <sourceColumns>
    <column>
      <dataSourceId>8c02e553-f0c8-4b75-8b46-5e5ef2fc5943</dataSourceId>
      <dataSourceName>IXLCGEN-5726 DS</dataSourceName>
      <schema>INFORMATION_SCHEMA</schema>
      <catalog>Demo2</catalog>
      <table>COLUMN_DOMAIN_USAGE</table>
      <column>DOMAIN_SCHEMA</column>
    </column>
  </sourceColumns>
  <aggregationKeys />
</Column>