<?xml version="1.0"?>
<Column xmlns:xsd="http://www.w3.org/2001/XMLSchema" xmlns:xsi="http://www.w3.org/2001/XMLSchema-instance">
  <id>68c9e0dc-f622-45d3-bdcd-29ce9b25ed02</id>
  <name>type_Date4</name>
  <parentId>69503afe-65bd-4061-ac76-f2b4f4565767</parentId>
  <path>/QA_Maryna/Test DXP/type_Date4</path>
  <properties />
  <parameterReferences xsi:nil="true" />
  <filterColumns xsi:nil="true" />
  <calculation>%1</calculation>
  <dataType>date</dataType>
  <drillable>false</drillable>
  <sourceColumns>
    <column>
      <dataSourceId>6a3f24b9-8d96-48ff-b4c2-7c007b90e6db</dataSourceId>
      <dataSourceName>ECSB00100B6F.epam.com</dataSourceName>
      <schema>dbo</schema>
      <catalog>Demo2</catalog>
      <table>Temp_DATA</table>
      <column>type_Date4</column>
    </column>
  </sourceColumns>
  <aggregationKeys />
</Column>