<?xml version="1.0"?>
<Column xmlns:xsd="http://www.w3.org/2001/XMLSchema" xmlns:xsi="http://www.w3.org/2001/XMLSchema-instance">
  <id>f1cf0c60-0615-4f8d-85e8-f2689fe6724e</id>
  <name>Column</name>
  <parentId>032dc146-15c5-415f-85c4-81f515831fd1</parentId>
  <path>/DEV_PeterT_Collector/A_PT_AnarColumn/Subfolder1/F1/Column</path>
  <properties />
  <parameterReferences xsi:nil="true" />
  <filterColumns xsi:nil="true" />
  <calculation>%1</calculation>
  <dataType>string</dataType>
  <drillable>false</drillable>
  <sourceColumns>
    <column>
      <dataSourceId>3b64b2ee-50d5-4a0d-91ed-0be215300651</dataSourceId>
      <schema>dbo</schema>
      <catalog>Dxp_doc_qa_test</catalog>
      <table>sysdiagrams</table>
      <column>name</column>
    </column>
  </sourceColumns>
  <aggregationKeys />
</Column>