<?xml version="1.0"?>
<Column xmlns:xsd="http://www.w3.org/2001/XMLSchema" xmlns:xsi="http://www.w3.org/2001/XMLSchema-instance">
  <id>a57d18bd-9aa9-4717-899d-12588799cae6</id>
  <name>C1</name>
  <parentId>1497526d-e3f1-4f63-9c22-1b692f1e390e</parentId>
  <path>/IXLCGEN-5726/Folder 1/C1</path>
  <properties>
    <property>
      <key>new</key>
      <value>2</value>
    </property>
  </properties>
  <parameterReferences xsi:nil="true" />
  <filterColumns xsi:nil="true" />
  <calculation>%1</calculation>
  <dataType>string</dataType>
  <drillable>false</drillable>
  <sourceColumns>
    <column>
      <dataSourceId>8c02e553-f0c8-4b75-8b46-5e5ef2fc5943</dataSourceId>
      <dataSourceName>IXLCGEN-5726 DS</dataSourceName>
      <schema>INFORMATION_SCHEMA</schema>
      <catalog>Demo2</catalog>
      <table>CHECK_CONSTRAINTS</table>
      <column>CONSTRAINT_CATALOG</column>
    </column>
  </sourceColumns>
  <aggregationKeys />
</Column>