<?xml version="1.0"?>
<Column xmlns:xsd="http://www.w3.org/2001/XMLSchema" xmlns:xsi="http://www.w3.org/2001/XMLSchema-instance">
  <id>b96ad122-98e7-43e0-bd2b-bb81044a15d3</id>
  <name>Column5</name>
  <parentId>5473c17c-2ec0-404f-a474-7307d24359d8</parentId>
  <path>/z_BIVC_dependency_search/Folder5/Column5</path>
  <properties />
  <parameterReferences xsi:nil="true" />
  <filterColumns xsi:nil="true" />
  <calculation>%1</calculation>
  <dataType>string</dataType>
  <drillable>false</drillable>
  <sourceColumns>
    <column>
      <dataSourceId>dbc68746-f86f-4994-a8ac-9c7672ae6db1</dataSourceId>
      <schema>dbo</schema>
      <catalog>Demo1</catalog>
      <table>Temp_DATA</table>
      <column>ip_address</column>
    </column>
  </sourceColumns>
  <aggregationKeys />
</Column>