<?xml version="1.0"?>
<Column xmlns:xsd="http://www.w3.org/2001/XMLSchema" xmlns:xsi="http://www.w3.org/2001/XMLSchema-instance">
  <id>ea1ba295-cb73-4002-a486-7c71db650a0e</id>
  <name>Column_100</name>
  <parentId>d28b45d2-56d1-4f29-bb8d-51d73cccdb77</parentId>
  <path>/DEV_Dmitriy_San/Column_100</path>
  <properties />
  <parameterReferences xsi:nil="true" />
  <filterColumns xsi:nil="true" />
  <calculation>%1</calculation>
  <dataType>string</dataType>
  <drillable>false</drillable>
  <sourceColumns>
    <column>
      <dataSourceId>b2e06b08-5517-4cc4-93b3-ee6153141d26</dataSourceId>
      <dataSourceName>Data source</dataSourceName>
      <schema>dbo</schema>
      <catalog>Demo1</catalog>
      <table>Temp_DATA</table>
      <column>first_name</column>
    </column>
  </sourceColumns>
  <aggregationKeys />
</Column>