<?xml version="1.0"?>
<Column xmlns:xsd="http://www.w3.org/2001/XMLSchema" xmlns:xsi="http://www.w3.org/2001/XMLSchema-instance">
  <id>665d0b32-6f30-4f11-b9b6-45b6d92c3adf</id>
  <name>Column22</name>
  <parentId>97bbc22f-1149-4145-a060-4af97353c2ee</parentId>
  <path>/QA_Anton/Main folder IL/FolderForColumn2/Column22</path>
  <properties />
  <parameterReferences xsi:nil="true" />
  <filterColumns xsi:nil="true" />
  <calculation>%1</calculation>
  <dataType>string</dataType>
  <drillable>false</drillable>
  <sourceColumns>
    <column>
      <dataSourceId>6212c8bb-e992-4dd8-aa06-87fd4bf3bffe</dataSourceId>
      <dataSourceName>Data sourceff</dataSourceName>
      <schema>dbo</schema>
      <catalog>Demo1</catalog>
      <table>Temp_DATA</table>
      <column>first_name</column>
    </column>
    <column>
      <dataSourceId>6212c8bb-e992-4dd8-aa06-87fd4bf3bffe</dataSourceId>
      <dataSourceName>Data sourceff</dataSourceName>
      <schema>dbo</schema>
      <catalog>Demo1</catalog>
      <table>Temp_DATA</table>
      <column>gender</column>
    </column>
  </sourceColumns>
  <aggregationKeys />
</Column>