<?xml version="1.0"?>
<Column xmlns:xsd="http://www.w3.org/2001/XMLSchema" xmlns:xsi="http://www.w3.org/2001/XMLSchema-instance">
  <id>aa9aea8c-a6e2-45c2-874d-4445653680da</id>
  <name>date_accnt_opened</name>
  <parentId>dcb72bcf-3fc9-4036-92e9-ce9983573270</parentId>
  <path>/_DENIS_folder/date_accnt_opened</path>
  <properties />
  <parameterReferences xsi:nil="true" />
  <filterColumns xsi:nil="true" />
  <calculation>%1</calculation>
  <dataType>date</dataType>
  <drillable>false</drillable>
  <sourceColumns>
    <column>
      <dataSourceId>2bbbcc1a-da3d-4468-accd-cbe94f746b77</dataSourceId>
      <dataSourceName>DS_GL</dataSourceName>
      <schema>foodmart</schema>
      <table>customer</table>
      <column>date_accnt_opened</column>
    </column>
  </sourceColumns>
  <aggregationKeys />
</Column>