<?xml version="1.0"?>
<Column xmlns:xsd="http://www.w3.org/2001/XMLSchema" xmlns:xsi="http://www.w3.org/2001/XMLSchema-instance">
  <id>529b9c5e-8e55-4f03-ab6e-fbe3c9a27593</id>
  <name>Column6</name>
  <parentId>b6318c8c-7ba9-455b-a228-646dd4af580a</parentId>
  <path>/z_BIVC_dependency_search/Folder7/Column6</path>
  <properties />
  <parameterReferences xsi:nil="true" />
  <filterColumns xsi:nil="true" />
  <calculation>%1</calculation>
  <dataType>string</dataType>
  <drillable>false</drillable>
  <sourceColumns>
    <column>
      <dataSourceId>dbc68746-f86f-4994-a8ac-9c7672ae6db1</dataSourceId>
      <schema>dbo</schema>
      <catalog>Demo1</catalog>
      <table>Temp_DATA</table>
      <column>ip_address</column>
    </column>
    <column>
      <dataSourceId>df80e49a-83f2-4bfe-a77b-f76ac60ed1b9</dataSourceId>
      <dataSourceName>BIVCIL2</dataSourceName>
      <schema>dbo</schema>
      <catalog>Demo1</catalog>
      <table>Temp_DATA</table>
      <column>first_name</column>
    </column>
  </sourceColumns>
  <aggregationKeys />
</Column>