<?xml version="1.0"?>
<Column xmlns:xsd="http://www.w3.org/2001/XMLSchema" xmlns:xsi="http://www.w3.org/2001/XMLSchema-instance">
  <id>179e1a05-a1ec-4f8a-9bd6-7805544440c8</id>
  <name>C2 additional</name>
  <parentId>a7f7385c-7ca3-4591-a683-2d558c2e67e1</parentId>
  <path>/IXLCGEN-5726/Folder 2/C2 additional</path>
  <properties>
    <property>
      <key>new</key>
      <value>5</value>
    </property>
  </properties>
  <parameterReferences xsi:nil="true" />
  <filterColumns xsi:nil="true" />
  <calculation>%1</calculation>
  <dataType>string</dataType>
  <drillable>false</drillable>
  <sourceColumns>
    <column>
      <dataSourceId>8c02e553-f0c8-4b75-8b46-5e5ef2fc5943</dataSourceId>
      <dataSourceName>IXLCGEN-5726 DS</dataSourceName>
      <schema>INFORMATION_SCHEMA</schema>
      <catalog>Demo2</catalog>
      <table>CHECK_CONSTRAINTS</table>
      <column>CHECK_CLAUSE</column>
    </column>
  </sourceColumns>
  <aggregationKeys />
</Column>