<?xml version="1.0"?>
<Column xmlns:xsd="http://www.w3.org/2001/XMLSchema" xmlns:xsi="http://www.w3.org/2001/XMLSchema-instance">
  <id>2f21d5ac-5981-419f-9c3d-34d59d62071c</id>
  <name>C1 SSS1 additional</name>
  <parentId>32db8afc-6ca2-4dbc-a318-709cbe2af8da</parentId>
  <path>/IXLCGEN-5726/Folder 1/Subfolder 1/Subsubfolder 1/Subsubsubfolder 1/C1 SSS1 additional</path>
  <properties />
  <parameterReferences xsi:nil="true" />
  <filterColumns xsi:nil="true" />
  <calculation>%1</calculation>
  <dataType>string</dataType>
  <drillable>false</drillable>
  <sourceColumns>
    <column>
      <dataSourceId>8c02e553-f0c8-4b75-8b46-5e5ef2fc5943</dataSourceId>
      <dataSourceName>IXLCGEN-5726 DS</dataSourceName>
      <schema>INFORMATION_SCHEMA</schema>
      <catalog>Demo2</catalog>
      <table>COLUMN_PRIVILEGES</table>
      <column>GRANTOR</column>
    </column>
  </sourceColumns>
  <aggregationKeys />
</Column>