<?xml version="1.0"?>
<Column xmlns:xsd="http://www.w3.org/2001/XMLSchema" xmlns:xsi="http://www.w3.org/2001/XMLSchema-instance">
  <id>26a47c67-ca32-427e-94dd-77e2c7374b11</id>
  <name>Customer churn category</name>
  <parentId>7b90d714-89f1-49f5-97f1-8c4e7e7f4da6</parentId>
  <path>/EY_Master_release/MasterRelease_DEV/OTC_Standard/RR022 - Transaction sampling/Information Model/v_il_ar_rr007_subledger_transaction_details/Columns folder/Customer churn category</path>
  <properties />
  <parameterReferences xsi:nil="true" />
  <filterColumns xsi:nil="true" />
  <calculation>%1</calculation>
  <dataType>string</dataType>
  <drillable>false</drillable>
  <sourceColumns>
    <column>
      <dataSourceId>98817af7-cd7c-4849-a139-7ade8bb03cee</dataSourceId>
      <dataSourceName>DS_OTC_Standard</dataSourceName>
      <schema>dataset_3</schema>
      <table>v_il_ar_rr007_subledger_transaction_details</table>
      <column>customer churn category</column>
    </column>
  </sourceColumns>
  <aggregationKeys />
</Column>