<?xml version="1.0"?>
<Column xmlns:xsd="http://www.w3.org/2001/XMLSchema" xmlns:xsi="http://www.w3.org/2001/XMLSchema-instance">
  <id>0a63820e-7180-411b-9874-deafa2578af9</id>
  <name>A1_Column1</name>
  <parentId>260b2bc3-96ae-4430-b2eb-cd5ed3681816</parentId>
  <path>/DEV_PeterT_Collector/A1_Column/A1_Column1</path>
  <properties />
  <parameterReferences xsi:nil="true" />
  <filterColumns xsi:nil="true" />
  <calculation>%1</calculation>
  <dataType>datetime</dataType>
  <drillable>false</drillable>
  <sourceColumns>
    <column>
      <dataSourceId>b3c1cb30-2686-4879-a8d7-27da54800764</dataSourceId>
      <dataSourceName>PT_DS_1</dataSourceName>
      <schema>gt</schema>
      <catalog>ScaledAnalyticsBundleDB_UAT</catalog>
      <table>Logs</table>
      <column>DATETIME</column>
    </column>
  </sourceColumns>
  <aggregationKeys />
</Column>