<?xml version="1.0"?>
<Column xmlns:xsd="http://www.w3.org/2001/XMLSchema" xmlns:xsi="http://www.w3.org/2001/XMLSchema-instance">
  <id>3039d4ec-2b66-475e-94d0-42da25c91048</id>
  <name>C2 S2 additional</name>
  <parentId>4083100e-894f-4a94-9ba1-4b056d217aa9</parentId>
  <path>/IXLCGEN-5726/Folder 2/Subfolder 2/C2 S2 additional</path>
  <properties />
  <parameterReferences xsi:nil="true" />
  <filterColumns xsi:nil="true" />
  <calculation>%1</calculation>
  <dataType>string</dataType>
  <drillable>false</drillable>
  <sourceColumns>
    <column>
      <dataSourceId>8c02e553-f0c8-4b75-8b46-5e5ef2fc5943</dataSourceId>
      <dataSourceName>IXLCGEN-5726 DS</dataSourceName>
      <schema>INFORMATION_SCHEMA</schema>
      <catalog>Demo2</catalog>
      <table>COLUMN_PRIVILEGES</table>
      <column>TABLE_CATALOG</column>
    </column>
  </sourceColumns>
  <aggregationKeys />
</Column>