<?xml version="1.0"?>
<Column xmlns:xsd="http://www.w3.org/2001/XMLSchema" xmlns:xsi="http://www.w3.org/2001/XMLSchema-instance">
  <id>ad9e1762-d718-401b-a03f-e8992b266848</id>
  <name>Column1</name>
  <parentId>348d00e8-3e48-4173-8828-badca1dd7409</parentId>
  <path>/z_BIVC_dependency_search/Folder2/Column1</path>
  <properties />
  <parameterReferences xsi:nil="true" />
  <filterColumns xsi:nil="true" />
  <calculation>%1</calculation>
  <dataType>string</dataType>
  <drillable>false</drillable>
  <sourceColumns>
    <column>
      <dataSourceId>b3877c46-98a7-4ad6-9efd-1131f07dc968</dataSourceId>
      <dataSourceName>BIVCIL1</dataSourceName>
      <schema>dbo</schema>
      <catalog>Demo1</catalog>
      <table>Temp_DATA</table>
      <column>first_name</column>
    </column>
  </sourceColumns>
  <aggregationKeys />
</Column>