<?xml version="1.0"?>
<Column xmlns:xsd="http://www.w3.org/2001/XMLSchema" xmlns:xsi="http://www.w3.org/2001/XMLSchema-instance">
  <id>4f2699d8-421f-4ebb-bbfe-a627355bd4e2</id>
  <name>Column</name>
  <parentId>d28b45d2-56d1-4f29-bb8d-51d73cccdb77</parentId>
  <path>/DEV_Dmitriy_San/Column</path>
  <properties />
  <parameterReferences xsi:nil="true" />
  <filterColumns xsi:nil="true" />
  <calculation>%1</calculation>
  <dataType>string</dataType>
  <drillable>false</drillable>
  <sourceColumns>
    <column>
      <dataSourceId>ef0cb17a-5e4e-464a-9359-f3a7a8516c8e</dataSourceId>
      <dataSourceName>Adri_DS</dataSourceName>
      <schema>dbo</schema>
      <catalog>Demo1</catalog>
      <table>Temp_DATA</table>
      <column>first_name</column>
    </column>
    <column>
      <dataSourceId>ef0cb17a-5e4e-464a-9359-f3a7a8516c8e</dataSourceId>
      <dataSourceName>Adri_DS</dataSourceName>
      <schema>dbo</schema>
      <catalog>Demo1</catalog>
      <table>Temp_DATA</table>
      <column>last_name</column>
    </column>
    <column>
      <dataSourceId>ef0cb17a-5e4e-464a-9359-f3a7a8516c8e</dataSourceId>
      <dataSourceName>Adri_DS</dataSourceName>
      <schema>dbo</schema>
      <catalog>Demo1</catalog>
      <table>Temp_DATA</table>
      <column>email</column>
    </column>
  </sourceColumns>
  <aggregationKeys />
</Column>