<?xml version="1.0"?>
<Column xmlns:xsd="http://www.w3.org/2001/XMLSchema" xmlns:xsi="http://www.w3.org/2001/XMLSchema-instance">
  <id>d80ef793-40f0-4e88-944b-583aaf27a76e</id>
  <name>C1 S1</name>
  <description>new descr</description>
  <parentId>cc24eb2a-9863-4d12-90c3-8f41d5bf721e</parentId>
  <path>/IXLCGEN-5726/Folder 1/Subfolder 1/C1 S1</path>
  <properties />
  <parameterReferences xsi:nil="true" />
  <filterColumns xsi:nil="true" />
  <calculation>%1</calculation>
  <dataType>string</dataType>
  <drillable>false</drillable>
  <sourceColumns>
    <column>
      <dataSourceId>8c02e553-f0c8-4b75-8b46-5e5ef2fc5943</dataSourceId>
      <dataSourceName>IXLCGEN-5726 DS</dataSourceName>
      <schema>INFORMATION_SCHEMA</schema>
      <catalog>Demo2</catalog>
      <table>COLUMN_DOMAIN_USAGE</table>
      <column>DOMAIN_NAME</column>
    </column>
  </sourceColumns>
  <aggregationKeys />
</Column>