<?xml version="1.0"?>
<Column xmlns:xsd="http://www.w3.org/2001/XMLSchema" xmlns:xsi="http://www.w3.org/2001/XMLSchema-instance">
  <id>2d95ff5f-4acd-44d1-92a7-d777a602d912</id>
  <name>first_name</name>
  <parentId>6b67ec30-712e-11dd-7434-00100a64217d</parentId>
  <path>/first_name</path>
  <properties />
  <parameterReferences xsi:nil="true" />
  <filterColumns xsi:nil="true" />
  <calculation>%1</calculation>
  <dataType>string</dataType>
  <drillable>false</drillable>
  <sourceColumns>
    <column>
      <dataSourceId>045e5ba2-736d-43ae-a24a-54d2033380ba</dataSourceId>
      <schema>dbo</schema>
      <catalog>Demo1</catalog>
      <table>Temp_DATA</table>
      <column>first_name</column>
    </column>
  </sourceColumns>
  <aggregationKeys />
</Column>