<?xml version="1.0"?>
<Column xmlns:xsd="http://www.w3.org/2001/XMLSchema" xmlns:xsi="http://www.w3.org/2001/XMLSchema-instance">
  <id>10615923-de9e-40a0-9a14-922f2aa9c7d2</id>
  <name>Column2</name>
  <parentId>649da5d2-8adb-47df-b568-7bdb537f8a3f</parentId>
  <path>/DEV_PeterT_Collector/A_PT_AnarColumn/Subfolder1/F2/Column2</path>
  <properties />
  <parameterReferences xsi:nil="true" />
  <filterColumns xsi:nil="true" />
  <calculation>%1</calculation>
  <dataType>integer</dataType>
  <drillable>false</drillable>
  <sourceColumns>
    <column>
      <dataSourceId>3b64b2ee-50d5-4a0d-91ed-0be215300651</dataSourceId>
      <schema>dbo</schema>
      <catalog>DxpDocumenterTest</catalog>
      <table>IX_DD_DataType</table>
      <column>DataTypeId</column>
    </column>
  </sourceColumns>
  <aggregationKeys />
</Column>