<?xml version="1.0"?>
<Column xmlns:xsd="http://www.w3.org/2001/XMLSchema" xmlns:xsi="http://www.w3.org/2001/XMLSchema-instance">
  <id>fad136e4-429d-4d3e-a2f2-5625056c756a</id>
  <name>C2 SS2</name>
  <parentId>928c18b8-d3d1-4146-95ec-4e75a3e9bd2d</parentId>
  <path>/IXLCGEN-5726/Folder 2/Subfolder 2/Subsubfolder 2/C2 SS2</path>
  <properties />
  <parameterReferences xsi:nil="true" />
  <filterColumns xsi:nil="true" />
  <calculation>%1</calculation>
  <dataType>string</dataType>
  <drillable>false</drillable>
  <sourceColumns>
    <column>
      <dataSourceId>8c02e553-f0c8-4b75-8b46-5e5ef2fc5943</dataSourceId>
      <dataSourceName>IXLCGEN-5726 DS</dataSourceName>
      <schema>INFORMATION_SCHEMA</schema>
      <catalog>Demo2</catalog>
      <table>COLUMN_PRIVILEGES</table>
      <column>TABLE_SCHEMA</column>
    </column>
  </sourceColumns>
  <aggregationKeys />
</Column>