<?xml version="1.0"?>
<Column xmlns:xsd="http://www.w3.org/2001/XMLSchema" xmlns:xsi="http://www.w3.org/2001/XMLSchema-instance">
  <id>abe2eafd-2c92-4cbe-8cab-287f5aca58de</id>
  <name>C1 SS1</name>
  <parentId>807f0fda-c7c3-421c-8f8d-28424d5dcf37</parentId>
  <path>/IXLCGEN-5726/Folder 1/Subfolder 1/Subsubfolder 1/C1 SS1</path>
  <properties />
  <parameterReferences xsi:nil="true" />
  <filterColumns xsi:nil="true" />
  <calculation>%1</calculation>
  <dataType>string</dataType>
  <drillable>false</drillable>
  <sourceColumns>
    <column>
      <dataSourceId>8c02e553-f0c8-4b75-8b46-5e5ef2fc5943</dataSourceId>
      <dataSourceName>IXLCGEN-5726 DS</dataSourceName>
      <schema>INFORMATION_SCHEMA</schema>
      <catalog>Demo2</catalog>
      <table>COLUMN_DOMAIN_USAGE</table>
      <column>TABLE_SCHEMA</column>
    </column>
  </sourceColumns>
  <aggregationKeys />
</Column>