<?xml version="1.0"?>
<Column xmlns:xsd="http://www.w3.org/2001/XMLSchema" xmlns:xsi="http://www.w3.org/2001/XMLSchema-instance">
  <id>f77e6b54-662e-45f1-80fe-efd6f4c4148c</id>
  <name>occupation</name>
  <parentId>dcb72bcf-3fc9-4036-92e9-ce9983573270</parentId>
  <path>/_DENIS_folder/occupation</path>
  <properties />
  <parameterReferences xsi:nil="true" />
  <filterColumns xsi:nil="true" />
  <calculation>%1</calculation>
  <dataType>string</dataType>
  <drillable>false</drillable>
  <sourceColumns>
    <column>
      <dataSourceId>2bbbcc1a-da3d-4468-accd-cbe94f746b77</dataSourceId>
      <dataSourceName>DS_GL</dataSourceName>
      <schema>foodmart</schema>
      <table>customer</table>
      <column>occupation</column>
    </column>
  </sourceColumns>
  <aggregationKeys />
</Column>