<?xml version="1.0"?>
<Column xmlns:xsd="http://www.w3.org/2001/XMLSchema" xmlns:xsi="http://www.w3.org/2001/XMLSchema-instance">
  <id>79c25586-62cb-4b22-bc20-09cc41971c1f</id>
  <name>Column</name>
  <description>afga</description>
  <parentId>e47294e9-6bc3-416e-89c0-3a455189da61</parentId>
  <path>/QA_Anton/Column</path>
  <properties />
  <parameterReferences xsi:nil="true" />
  <filterColumns xsi:nil="true" />
  <calculation>%1</calculation>
  <dataType>string</dataType>
  <drillable>true</drillable>
  <sourceColumns>
    <column>
      <dataSourceId>2bbbcc1a-da3d-4468-accd-cbe94f746b77</dataSourceId>
      <dataSourceName>DS_GL</dataSourceName>
      <schema>default</schema>
      <table>sample_07</table>
      <column>code</column>
    </column>
    <column>
      <dataSourceId>2bbbcc1a-da3d-4468-accd-cbe94f746b77</dataSourceId>
      <dataSourceName>DS_GL</dataSourceName>
      <schema>default</schema>
      <table>sample_07</table>
      <column>description</column>
    </column>
    <column>
      <dataSourceId>2bbbcc1a-da3d-4468-accd-cbe94f746b77</dataSourceId>
      <dataSourceName>DS_GL</dataSourceName>
      <schema>default</schema>
      <table>sample_07</table>
      <column>total_emp</column>
    </column>
    <column>
      <dataSourceId>2bbbcc1a-da3d-4468-accd-cbe94f746b77</dataSourceId>
      <dataSourceName>DS_GL</dataSourceName>
      <schema>default</schema>
      <table>sample_07</table>
      <column>salary</column>
    </column>
  </sourceColumns>
  <aggregationKeys />
</Column>