<?xml version="1.0"?>
<Column xmlns:xsd="http://www.w3.org/2001/XMLSchema" xmlns:xsi="http://www.w3.org/2001/XMLSchema-instance">
  <id>b6f3c210-e406-4dfa-ac0d-c239478829c2</id>
  <name>customer_id</name>
  <parentId>dcb72bcf-3fc9-4036-92e9-ce9983573270</parentId>
  <path>/_DENIS_folder/customer_id</path>
  <properties />
  <parameterReferences xsi:nil="true" />
  <filterColumns xsi:nil="true" />
  <calculation>%1</calculation>
  <dataType>integer</dataType>
  <drillable>false</drillable>
  <sourceColumns>
    <column>
      <dataSourceId>2bbbcc1a-da3d-4468-accd-cbe94f746b77</dataSourceId>
      <dataSourceName>DS_GL</dataSourceName>
      <schema>foodmart</schema>
      <table>customer</table>
      <column>customer_id</column>
    </column>
  </sourceColumns>
  <aggregationKeys />
</Column>