<?xml version="1.0"?>
<Column xmlns:xsd="http://www.w3.org/2001/XMLSchema" xmlns:xsi="http://www.w3.org/2001/XMLSchema-instance">
  <id>2c8146c1-2e48-4b35-9846-b8f05c6e3571</id>
  <name>PT_ColumnForAnar</name>
  <description>ABCD</description>
  <parentId>d81bd2af-d7ac-423b-be07-8232092d09ba</parentId>
  <path>/DEV_PeterT_Collector/A_PT_AnarColumn/Subfolder1/F3/PT_ColumnForAnar</path>
  <properties />
  <parameterReferences xsi:nil="true" />
  <filterColumns xsi:nil="true" />
  <calculation>%1</calculation>
  <dataType>integer</dataType>
  <drillable>false</drillable>
  <sourceColumns>
    <column>
      <dataSourceId>4b9be3e5-393b-48c5-90fb-4d7475aa1796</dataSourceId>
      <dataSourceName>PT_DS_ForAnar</dataSourceName>
      <schema>gt</schema>
      <catalog>ScaledAnalyticsBundleDB_UAT</catalog>
      <table>Steps</table>
      <column>MeasuredHeight</column>
    </column>
    <column>
      <dataSourceId>4b9be3e5-393b-48c5-90fb-4d7475aa1796</dataSourceId>
      <dataSourceName>PT_DS_ForAnar</dataSourceName>
      <schema>gt</schema>
      <catalog>ScaledAnalyticsBundleDB_UAT</catalog>
      <table>Steps</table>
      <column>MeasuredWidth</column>
    </column>
  </sourceColumns>
  <aggregationKeys />
</Column>