<?xml version="1.0"?>
<Column xmlns:xsd="http://www.w3.org/2001/XMLSchema" xmlns:xsi="http://www.w3.org/2001/XMLSchema-instance">
  <id>30f4b14a-e715-4346-bc5e-960a6414e205</id>
  <name>C3 S3</name>
  <parentId>b0594b8a-c86b-442d-9bc2-3948e0cfe705</parentId>
  <path>/IXLCGEN-5726/Folder 3/Subfolder 3/C3 S3</path>
  <properties />
  <parameterReferences xsi:nil="true" />
  <filterColumns xsi:nil="true" />
  <calculation>%1</calculation>
  <dataType>string</dataType>
  <drillable>false</drillable>
  <sourceColumns>
    <column>
      <dataSourceId>8c02e553-f0c8-4b75-8b46-5e5ef2fc5943</dataSourceId>
      <dataSourceName>IXLCGEN-5726 DS</dataSourceName>
      <schema>INFORMATION_SCHEMA</schema>
      <catalog>Demo2</catalog>
      <table>COLUMN_PRIVILEGES</table>
      <column>COLUMN_NAME</column>
    </column>
  </sourceColumns>
  <aggregationKeys />
</Column>