<?xml version="1.0"?>
<Column xmlns:xsd="http://www.w3.org/2001/XMLSchema" xmlns:xsi="http://www.w3.org/2001/XMLSchema-instance">
  <id>7f68fa6f-66f5-4bb1-8d28-8bdf6f2febe6</id>
  <name>address1</name>
  <parentId>dcb72bcf-3fc9-4036-92e9-ce9983573270</parentId>
  <path>/_DENIS_folder/address1</path>
  <properties />
  <parameterReferences xsi:nil="true" />
  <filterColumns xsi:nil="true" />
  <calculation>%1</calculation>
  <dataType>string</dataType>
  <drillable>false</drillable>
  <sourceColumns>
    <column>
      <dataSourceId>2bbbcc1a-da3d-4468-accd-cbe94f746b77</dataSourceId>
      <dataSourceName>DS_GL</dataSourceName>
      <schema>foodmart</schema>
      <table>customer</table>
      <column>address1</column>
    </column>
  </sourceColumns>
  <aggregationKeys />
</Column>