<?xml version="1.0"?>
<Column xmlns:xsd="http://www.w3.org/2001/XMLSchema" xmlns:xsi="http://www.w3.org/2001/XMLSchema-instance">
  <id>7f858ed9-cff1-45ff-ace9-ab69b0696b66</id>
  <name>bitcoin_address</name>
  <parentId>69503afe-65bd-4061-ac76-f2b4f4565767</parentId>
  <path>/QA_Maryna/Test DXP/bitcoin_address</path>
  <properties />
  <parameterReferences xsi:nil="true" />
  <filterColumns xsi:nil="true" />
  <calculation>%1</calculation>
  <dataType>string</dataType>
  <drillable>false</drillable>
  <sourceColumns>
    <column>
      <dataSourceId>6a3f24b9-8d96-48ff-b4c2-7c007b90e6db</dataSourceId>
      <dataSourceName>ECSB00100B6F.epam.com</dataSourceName>
      <schema>dbo</schema>
      <catalog>Demo2</catalog>
      <table>Temp_DATA</table>
      <column>bitcoin_address</column>
    </column>
  </sourceColumns>
  <aggregationKeys />
</Column>