<?xml version="1.0"?>
<Column xmlns:xsd="http://www.w3.org/2001/XMLSchema" xmlns:xsi="http://www.w3.org/2001/XMLSchema-instance">
  <id>5f293295-b0fa-48ad-a299-2b3e38d9392c</id>
  <name>B</name>
  <parentId>1daf0f4a-87de-4480-b9b1-d5ac60fc4e8c</parentId>
  <path>/QA_Maryna/IL/B</path>
  <properties />
  <parameterReferences xsi:nil="true" />
  <filterColumns xsi:nil="true" />
  <calculation>%1</calculation>
  <dataType>string</dataType>
  <drillable>false</drillable>
  <sourceColumns>
    <column>
      <dataSourceId>6a3f24b9-8d96-48ff-b4c2-7c007b90e6db</dataSourceId>
      <dataSourceName>ECSB00100B6F.epam.com</dataSourceName>
      <schema>dbo</schema>
      <catalog>Demo2</catalog>
      <table>testSQL</table>
      <column>B</column>
    </column>
  </sourceColumns>
  <aggregationKeys />
</Column>