<?xml version="1.0"?>
<Column xmlns:xsd="http://www.w3.org/2001/XMLSchema" xmlns:xsi="http://www.w3.org/2001/XMLSchema-instance">
  <id>90954297-8d89-4162-ae2f-ba2c0df1a64e</id>
  <name>Column_LastName</name>
  <parentId>6552f1e8-2260-47b3-8bd2-e1f4cfcecf1f</parentId>
  <path>/DEV_Raman/Column_LastName</path>
  <properties />
  <parameterReferences xsi:nil="true" />
  <filterColumns xsi:nil="true" />
  <calculation>%1</calculation>
  <dataType>string</dataType>
  <drillable>false</drillable>
  <sourceColumns>
    <column>
      <dataSourceId>e89fe3cb-46fb-481a-91d2-2168e23d9b27</dataSourceId>
      <dataSourceName>D_source_Raman</dataSourceName>
      <schema>dbo</schema>
      <catalog>Demo1</catalog>
      <table>Temp_DATA</table>
      <column>last_name</column>
    </column>
  </sourceColumns>
  <aggregationKeys />
</Column>