<?xml version="1.0"?>
<Column xmlns:xsd="http://www.w3.org/2001/XMLSchema" xmlns:xsi="http://www.w3.org/2001/XMLSchema-instance">
  <id>6b595b8a-6bd3-428c-b665-eb59c86f9b52</id>
  <name>Column7</name>
  <parentId>6b67ec30-712e-11dd-7434-00100a64217d</parentId>
  <path>/Column7</path>
  <properties />
  <parameterReferences xsi:nil="true" />
  <filterColumns xsi:nil="true" />
  <calculation>%1</calculation>
  <dataType>string</dataType>
  <drillable>false</drillable>
  <sourceColumns>
    <column>
      <dataSourceId>ee4e6444-1162-4488-95f7-a2c2ff3571a4</dataSourceId>
      <schema>sys</schema>
      <catalog>Demo1</catalog>
      <table>availability_read_only_routing_lists</table>
      <column>replica_id</column>
    </column>
    <column>
      <dataSourceId>ee4e6444-1162-4488-95f7-a2c2ff3571a4</dataSourceId>
      <schema>sys</schema>
      <catalog>Demo1</catalog>
      <table>availability_read_only_routing_lists</table>
      <column>read_only_replica_id</column>
    </column>
    <column>
      <dataSourceId>ee4e6444-1162-4488-95f7-a2c2ff3571a4</dataSourceId>
      <schema>sys</schema>
      <catalog>Demo1</catalog>
      <table>availability_read_only_routing_lists</table>
      <column>routing_priority</column>
    </column>
  </sourceColumns>
  <aggregationKeys />
</Column>