<?xml version="1.0"?>
<Column xmlns:xsd="http://www.w3.org/2001/XMLSchema" xmlns:xsi="http://www.w3.org/2001/XMLSchema-instance">
  <id>96e092ac-4703-4045-b909-98f6e713982f</id>
  <name>Column3</name>
  <parentId>acfafd37-4433-4ef9-82fb-13d2f2fddb34</parentId>
  <path>/z_BIVC_dependency_search/Folder4/Subfolder1/Subfolder2A/Subfolder3/Subfolder4A/Column3</path>
  <properties />
  <parameterReferences xsi:nil="true" />
  <filterColumns xsi:nil="true" />
  <calculation>%1</calculation>
  <dataType>string</dataType>
  <drillable>false</drillable>
  <sourceColumns>
    <column>
      <dataSourceId>dbc68746-f86f-4994-a8ac-9c7672ae6db1</dataSourceId>
      <schema>dbo</schema>
      <catalog>Demo1</catalog>
      <table>Temp_DATA</table>
      <column>email</column>
    </column>
  </sourceColumns>
  <aggregationKeys />
</Column>