<?xml version="1.0"?>
<Column xmlns:xsd="http://www.w3.org/2001/XMLSchema" xmlns:xsi="http://www.w3.org/2001/XMLSchema-instance">
  <id>7c6aebb9-6fb6-433b-9f6a-3d8431b547b9</id>
  <name>Column77</name>
  <parentId>6b67ec30-712e-11dd-7434-00100a64217d</parentId>
  <path>/Column77</path>
  <properties />
  <parameterReferences xsi:nil="true" />
  <filterColumns xsi:nil="true" />
  <calculation>%1</calculation>
  <dataType>string</dataType>
  <drillable>false</drillable>
  <sourceColumns>
    <column>
      <dataSourceId>432bc8cc-808c-478d-8dbd-141d249d380c</dataSourceId>
      <schema>dbo</schema>
      <catalog>Demo1</catalog>
      <table>Temp_DATA</table>
      <column>first_name</column>
    </column>
    <column>
      <dataSourceId>432bc8cc-808c-478d-8dbd-141d249d380c</dataSourceId>
      <schema>dbo</schema>
      <catalog>Demo1</catalog>
      <table>Temp_DATA</table>
      <column>last_name</column>
    </column>
    <column>
      <dataSourceId>432bc8cc-808c-478d-8dbd-141d249d380c</dataSourceId>
      <schema>dbo</schema>
      <catalog>Demo1</catalog>
      <table>Temp_DATA</table>
      <column>email</column>
    </column>
    <column>
      <dataSourceId>432bc8cc-808c-478d-8dbd-141d249d380c</dataSourceId>
      <schema>dbo</schema>
      <catalog>Demo1</catalog>
      <table>Temp_DATA</table>
      <column>gender</column>
    </column>
    <column>
      <dataSourceId>432bc8cc-808c-478d-8dbd-141d249d380c</dataSourceId>
      <schema>dbo</schema>
      <catalog>Demo1</catalog>
      <table>Temp_DATA</table>
      <column>bitcoin_address</column>
    </column>
  </sourceColumns>
  <aggregationKeys />
</Column>