<?xml version="1.0"?>
<Column xmlns:xsd="http://www.w3.org/2001/XMLSchema" xmlns:xsi="http://www.w3.org/2001/XMLSchema-instance">
  <id>06a41922-9494-4532-aa8a-e3b9bd1d4b44</id>
  <name>Column11</name>
  <parentId>e4b59d7e-0f7c-4d44-929a-89c2e8f2b286</parentId>
  <path>/QA_Anton/Main folder IL/FolderForColumn/Column11</path>
  <properties />
  <parameterReferences xsi:nil="true" />
  <filterColumns xsi:nil="true" />
  <calculation>%1</calculation>
  <dataType>string</dataType>
  <drillable>false</drillable>
  <sourceColumns>
    <column>
      <dataSourceId>c6e65c23-bad3-4f6e-8452-f8ce4402f6c6</dataSourceId>
      <dataSourceName>Data sourceTest</dataSourceName>
      <schema>dbo</schema>
      <catalog>Demo1</catalog>
      <table>Temp_DATA</table>
      <column>email</column>
    </column>
    <column>
      <dataSourceId>c6e65c23-bad3-4f6e-8452-f8ce4402f6c6</dataSourceId>
      <dataSourceName>Data sourceTest</dataSourceName>
      <schema>dbo</schema>
      <catalog>Demo1</catalog>
      <table>Temp_DATA</table>
      <column>last_name</column>
    </column>
  </sourceColumns>
  <aggregationKeys />
</Column>