<?xml version="1.0"?>
<Column xmlns:xsd="http://www.w3.org/2001/XMLSchema" xmlns:xsi="http://www.w3.org/2001/XMLSchema-instance">
  <id>6778c657-c429-42fd-8f58-4c4fcd7c63d3</id>
  <name>Goods despatch line no</name>
  <parentId>7b90d714-89f1-49f5-97f1-8c4e7e7f4da6</parentId>
  <path>/EY_Master_release/MasterRelease_DEV/OTC_Standard/RR022 - Transaction sampling/Information Model/v_il_ar_rr007_subledger_transaction_details/Columns folder/Goods despatch line no</path>
  <properties />
  <parameterReferences xsi:nil="true" />
  <filterColumns xsi:nil="true" />
  <calculation>%1</calculation>
  <dataType>integer</dataType>
  <drillable>false</drillable>
  <sourceColumns>
    <column>
      <dataSourceId>98817af7-cd7c-4849-a139-7ade8bb03cee</dataSourceId>
      <dataSourceName>DS_OTC_Standard</dataSourceName>
      <schema>dataset_3</schema>
      <table>v_il_ar_rr007_subledger_transaction_details</table>
      <column>goods despatch line no</column>
    </column>
  </sourceColumns>
  <aggregationKeys />
</Column>