<?xml version="1.0"?>
<Column xmlns:xsd="http://www.w3.org/2001/XMLSchema" xmlns:xsi="http://www.w3.org/2001/XMLSchema-instance">
  <id>9444aab8-b2a1-4e52-84ef-aa2069fb095e</id>
  <name>Columnrff</name>
  <parentId>2c05cf24-b555-4837-9060-24fc6899c93e</parentId>
  <path>/QA_Anton/IL_folder/Columnrff</path>
  <properties />
  <parameterReferences xsi:nil="true" />
  <filterColumns xsi:nil="true" />
  <calculation>%1</calculation>
  <dataType>string</dataType>
  <drillable>false</drillable>
  <sourceColumns>
    <column>
      <dataSourceId>fb1fb7d0-e921-4033-aa01-c0aa9a001314</dataSourceId>
      <dataSourceName>Data source_Art5</dataSourceName>
      <schema>dbo</schema>
      <catalog>Demo1</catalog>
      <table>Temp_DATA</table>
      <column>last_name</column>
    </column>
  </sourceColumns>
  <aggregationKeys />
</Column>