<?xml version="1.0"?>
<Column xmlns:xsd="http://www.w3.org/2001/XMLSchema" xmlns:xsi="http://www.w3.org/2001/XMLSchema-instance">
  <id>251b5685-1834-49c6-a4bd-dbdf024a62df</id>
  <name>Column_InRestrictedFolder</name>
  <description>dsfs</description>
  <parentId>3eec2c4e-7320-4e1d-a2d9-1584a70e01a1</parentId>
  <path>/DEV_PeterT_Collector/A_PT_AnarColumn/Subfolder2/Column_InRestrictedFolder</path>
  <properties />
  <parameterReferences xsi:nil="true" />
  <filterColumns xsi:nil="true" />
  <calculation>%1</calculation>
  <dataType>string</dataType>
  <drillable>false</drillable>
  <sourceColumns>
    <column>
      <dataSourceId>4b9be3e5-393b-48c5-90fb-4d7475aa1796</dataSourceId>
      <dataSourceName>PT_DS_ForAnar</dataSourceName>
      <schema>gt</schema>
      <catalog>ScaledAnalyticsBundleDB_UAT</catalog>
      <table>Steps</table>
      <column>TourId</column>
    </column>
  </sourceColumns>
  <aggregationKeys />
</Column>