<?xml version="1.0"?>
<Column xmlns:xsd="http://www.w3.org/2001/XMLSchema" xmlns:xsi="http://www.w3.org/2001/XMLSchema-instance">
  <id>2593b01c-c795-487b-b511-327ca541559a</id>
  <name>Period ID</name>
  <parentId>d07c8a25-a150-45ef-951f-fd8d743e3b97</parentId>
  <path>/EY_Master_release/MasterRelease_DEV/OTC_Standard/RR022 - Transaction sampling/Information Model/v_flat_journal_entry/columns folder/Period ID</path>
  <properties />
  <parameterReferences xsi:nil="true" />
  <filterColumns xsi:nil="true" />
  <calculation>%1</calculation>
  <dataType>integer</dataType>
  <drillable>false</drillable>
  <sourceColumns>
    <column>
      <dataSourceId>98817af7-cd7c-4849-a139-7ade8bb03cee</dataSourceId>
      <dataSourceName>DS_OTC_Standard</dataSourceName>
      <schema>dataset_3</schema>
      <table>v_flat_journal_entry</table>
      <column>period id</column>
    </column>
  </sourceColumns>
  <aggregationKeys />
</Column>