<?xml version="1.0"?>
<Column xmlns:xsd="http://www.w3.org/2001/XMLSchema" xmlns:xsi="http://www.w3.org/2001/XMLSchema-instance">
  <id>86397270-57fe-420b-9fb9-d8833f25fbba</id>
  <name>Column7</name>
  <parentId>fb2d8559-2545-4f4e-b61d-0eaff254c340</parentId>
  <path>/z_BIVC_dependency_search/Folder17/Column7</path>
  <properties />
  <parameterReferences xsi:nil="true" />
  <filterColumns xsi:nil="true" />
  <calculation>%1</calculation>
  <dataType>string</dataType>
  <drillable>false</drillable>
  <sourceColumns>
    <column>
      <dataSourceId>231223eb-b021-46c7-bfc7-85db62f1b893</dataSourceId>
      <dataSourceName>BIVCIL3</dataSourceName>
      <schema>dbo</schema>
      <catalog>Demo1</catalog>
      <table>Temp_DATA</table>
      <column>first_name</column>
    </column>
  </sourceColumns>
  <aggregationKeys />
</Column>