<?xml version="1.0"?>
<DataSource xmlns:xsd="http://www.w3.org/2001/XMLSchema" xmlns:xsi="http://www.w3.org/2001/XMLSchema-instance">
  <id>4373dec0-9681-46d7-8a46-394e1e657ef9</id>
  <name>Data source_Art7</name>
  <parentId>6b67ec30-712e-11dd-7434-00100a64217d</parentId>
  <path>/Data source_Art7</path>
  <properties />
  <parameterReferences xsi:nil="true" />
  <dataSourceType>sqlserver_datadirect</dataSourceType>
  <writeAllowed>false</writeAllowed>
  <fetchSize>10000</fetchSize>
  <batchSize>100</batchSize>
  <dataSourceAuthentication>false</dataSourceAuthentication>
  <connectionUrl>jdbc:tibcosoftwareinc:sqlserver://ecsb00100b6f:1433;databaseName=ScaledAnalyticsBundleDB</connectionUrl>
  <userName>ixDbUser</userName>
  <password />
  <maxConnections>1</maxConnections>
  <minConnections>1</minConnections>
  <sessionOpenCommands xsi:nil="true" />
  <sessionCloseCommands xsi:nil="true" />
  <initializationCommands />
  <preCommands xsi:nil="true" />
  <postCommands xsi:nil="true" />
  <pingCommand>SELECT 1</pingCommand>
  <credentialsTimeout>86400</credentialsTimeout>
</DataSource>