<?xml version="1.0"?>
<DataSource xmlns:xsd="http://www.w3.org/2001/XMLSchema" xmlns:xsi="http://www.w3.org/2001/XMLSchema-instance">
  <id>c6e65c23-bad3-4f6e-8452-f8ce4402f6c6</id>
  <name>Data sourceTest</name>
  <parentId>625f3094-d71a-40f9-a082-3f7bd7776baa</parentId>
  <path>/QA_Anton/Main folder IL/Folder1/Folder2/Inaccessible/Folder3/Data sourceTest</path>
  <properties xsi:nil="true" />
  <parameterReferences xsi:nil="true" />
  <dataSourceType>sqlserver_datadirect</dataSourceType>
  <writeAllowed>false</writeAllowed>
  <fetchSize>10000</fetchSize>
  <batchSize>100</batchSize>
  <dataSourceAuthentication>false</dataSourceAuthentication>
  <connectionUrl>jdbc:tibcosoftwareinc:sqlserver://ecsb00100b6f:1433;databaseName=ScaledAnalyticsBundleDB</connectionUrl>
  <userName>ixDbUser</userName>
  <password />
  <maxConnections>1</maxConnections>
  <minConnections>1</minConnections>
  <sessionOpenCommands xsi:nil="true" />
  <sessionCloseCommands xsi:nil="true" />
  <initializationCommands />
  <preCommands xsi:nil="true" />
  <postCommands xsi:nil="true" />
  <pingCommand>SELECT 1</pingCommand>
  <credentialsTimeout>86400</credentialsTimeout>
</DataSource>