<?xml version="1.0"?>
<DataSource xmlns:xsd="http://www.w3.org/2001/XMLSchema" xmlns:xsi="http://www.w3.org/2001/XMLSchema-instance">
  <id>8e47a5fb-7490-4a51-8cf9-4e947e56cf92</id>
  <name>Oracle</name>
  <parentId>6b67ec30-712e-11dd-7434-00100a64217d</parentId>
  <path>/Oracle</path>
  <properties />
  <parameterReferences xsi:nil="true" />
  <dataSourceType>oracle_datadirect</dataSourceType>
  <writeAllowed>false</writeAllowed>
  <fetchSize>10000</fetchSize>
  <batchSize>100</batchSize>
  <dataSourceAuthentication>false</dataSourceAuthentication>
  <connectionUrl>jdbc:tibcosoftwareinc:oracle://ECSB00100CAD.epam.com:1521;</connectionUrl>
  <userName>DXP_DOCUMENTER</userName>
  <password />
  <maxConnections>1</maxConnections>
  <minConnections>1</minConnections>
  <sessionOpenCommands xsi:nil="true" />
  <sessionCloseCommands xsi:nil="true" />
  <initializationCommands />
  <preCommands xsi:nil="true" />
  <postCommands xsi:nil="true" />
  <pingCommand>SELECT 1 FROM DUAL</pingCommand>
  <credentialsTimeout>86400</credentialsTimeout>
</DataSource>