<?xml version="1.0"?>
<DataSource xmlns:xsd="http://www.w3.org/2001/XMLSchema" xmlns:xsi="http://www.w3.org/2001/XMLSchema-instance">
  <id>8c02e553-f0c8-4b75-8b46-5e5ef2fc5943</id>
  <name>IXLCGEN-5726 DS</name>
  <parentId>eb10ca95-d26b-4ab4-ad87-14dd19ff509e</parentId>
  <path>/IXLCGEN-5726/IXLCGEN-5726 DS</path>
  <properties />
  <parameterReferences xsi:nil="true" />
  <dataSourceType>sqlserver_datadirect</dataSourceType>
  <writeAllowed>false</writeAllowed>
  <fetchSize>10000</fetchSize>
  <batchSize>100</batchSize>
  <dataSourceAuthentication>false</dataSourceAuthentication>
  <connectionUrl>jdbc:tibcosoftwareinc:sqlserver://ecsb00100b6f.epam.com</connectionUrl>
  <userName>ixDbUser</userName>
  <password />
  <maxConnections>1</maxConnections>
  <minConnections>1</minConnections>
  <sessionOpenCommands xsi:nil="true" />
  <sessionCloseCommands xsi:nil="true" />
  <initializationCommands />
  <preCommands xsi:nil="true" />
  <postCommands xsi:nil="true" />
  <pingCommand>SELECT 1</pingCommand>
  <credentialsTimeout>86400</credentialsTimeout>
</DataSource>