<?xml version="1.0"?>
<DataSource xmlns:xsd="http://www.w3.org/2001/XMLSchema" xmlns:xsi="http://www.w3.org/2001/XMLSchema-instance">
  <id>98817af7-cd7c-4849-a139-7ade8bb03cee</id>
  <name>DS_OTC_Standard</name>
  <description>-</description>
  <parentId>f7f4fadd-39bb-41d4-8a22-48bc45c6fd2a</parentId>
  <path>/EY_Master_release/MasterRelease_DEV/OTC_Standard/DS/DS_OTC_Standard</path>
  <properties />
  <parameterReferences xsi:nil="true" />
  <dataSourceType>hortonworks_hive</dataSourceType>
  <writeAllowed>false</writeAllowed>
  <fetchSize>10000</fetchSize>
  <batchSize>100</batchSize>
  <dataSourceAuthentication>false</dataSourceAuthentication>
  <connectionUrl>jdbc:hive2://sandbox.hortonworks.com:10000/helix_9_197_190_40626_31617_1485445219424;</connectionUrl>
  <userName>ы</userName>
  <password />
  <maxConnections>0</maxConnections>
  <minConnections>0</minConnections>
  <sessionOpenCommands>
    <command>set hive.optimize.index.filter=true</command>
  </sessionOpenCommands>
  <sessionCloseCommands xsi:nil="true" />
  <initializationCommands />
  <preCommands xsi:nil="true" />
  <postCommands xsi:nil="true" />
  <pingCommand>SHOW TABLES</pingCommand>
  <credentialsTimeout>86400</credentialsTimeout>
</DataSource>