<?xml version="1.0"?>
<DataSource xmlns:xsd="http://www.w3.org/2001/XMLSchema" xmlns:xsi="http://www.w3.org/2001/XMLSchema-instance">
  <id>231223eb-b021-46c7-bfc7-85db62f1b893</id>
  <name>BIVCIL3</name>
  <parentId>ed3b33cf-06b3-4eb0-b915-d1fcc8850e37</parentId>
  <path>/z_BIVC_dependency_search/Folder16/BIVCIL3</path>
  <properties xsi:nil="true" />
  <parameterReferences xsi:nil="true" />
  <dataSourceType>sqlserver_datadirect</dataSourceType>
  <writeAllowed>false</writeAllowed>
  <fetchSize>10000</fetchSize>
  <batchSize>100</batchSize>
  <dataSourceAuthentication>false</dataSourceAuthentication>
  <connectionUrl>jdbc:tibcosoftwareinc:sqlserver://ecsb00100b6f.epam.com</connectionUrl>
  <userName>ixDbUser</userName>
  <password />
  <maxConnections>1</maxConnections>
  <minConnections>1</minConnections>
  <sessionOpenCommands xsi:nil="true" />
  <sessionCloseCommands xsi:nil="true" />
  <initializationCommands />
  <preCommands xsi:nil="true" />
  <postCommands xsi:nil="true" />
  <pingCommand>SELECT 1</pingCommand>
  <credentialsTimeout>86400</credentialsTimeout>
</DataSource>