<?xml version="1.0"?>
<Filter xmlns:xsd="http://www.w3.org/2001/XMLSchema" xmlns:xsi="http://www.w3.org/2001/XMLSchema-instance">
  <id>466b4fa6-e04a-44f1-af01-c3458d34dbd9</id>
  <name>F2 SS2</name>
  <parentId>928c18b8-d3d1-4146-95ec-4e75a3e9bd2d</parentId>
  <path>/IXLCGEN-5726/Folder 2/Subfolder 2/Subsubfolder 2/F2 SS2</path>
  <properties />
  <parameterReferences xsi:nil="true" />
  <filterExpression>%1</filterExpression>
  <filterColumns>
    <column>
      <dataSourceId>8c02e553-f0c8-4b75-8b46-5e5ef2fc5943</dataSourceId>
      <dataSourceName>IXLCGEN-5726 DS</dataSourceName>
      <schema>INFORMATION_SCHEMA</schema>
      <catalog>Demo2</catalog>
      <table>COLUMNS</table>
      <column>TABLE_SCHEMA</column>
    </column>
    <column>
      <dataSourceId>8c02e553-f0c8-4b75-8b46-5e5ef2fc5943</dataSourceId>
      <dataSourceName>IXLCGEN-5726 DS</dataSourceName>
      <schema>INFORMATION_SCHEMA</schema>
      <catalog>Demo2</catalog>
      <table>COLUMNS</table>
      <column>CHARACTER_OCTET_LENGTH</column>
    </column>
  </filterColumns>
</Filter>