<?xml version="1.0"?>
<Filter xmlns:xsd="http://www.w3.org/2001/XMLSchema" xmlns:xsi="http://www.w3.org/2001/XMLSchema-instance">
  <id>27a452a0-ca17-452f-ad74-88281e431ed1</id>
  <name>Filter1</name>
  <parentId>71fc5691-edb5-40ec-9a78-d40c2d1441d7</parentId>
  <path>/z_BIVC_dependency_search/Folder11/Filter1</path>
  <properties />
  <parameterReferences xsi:nil="true" />
  <filterExpression>%1</filterExpression>
  <filterColumns>
    <column>
      <dataSourceId>dbc68746-f86f-4994-a8ac-9c7672ae6db1</dataSourceId>
      <schema>dbo</schema>
      <catalog>Demo1</catalog>
      <table>Temp_DATA</table>
      <column>first_name</column>
    </column>
    <column>
      <dataSourceId>df80e49a-83f2-4bfe-a77b-f76ac60ed1b9</dataSourceId>
      <dataSourceName>BIVCIL2</dataSourceName>
      <schema>dbo</schema>
      <catalog>Demo1</catalog>
      <table>Temp_DATA</table>
      <column>first_name</column>
    </column>
  </filterColumns>
</Filter>