<?xml version="1.0"?>
<Filter xmlns:xsd="http://www.w3.org/2001/XMLSchema" xmlns:xsi="http://www.w3.org/2001/XMLSchema-instance">
  <id>08601554-74c3-4f5f-9243-f3dfbf89013d</id>
  <name>F3 S3</name>
  <parentId>b0594b8a-c86b-442d-9bc2-3948e0cfe705</parentId>
  <path>/IXLCGEN-5726/Folder 3/Subfolder 3/F3 S3</path>
  <properties />
  <parameterReferences xsi:nil="true" />
  <filterExpression>%1 = %2</filterExpression>
  <filterColumns>
    <column>
      <dataSourceId>8c02e553-f0c8-4b75-8b46-5e5ef2fc5943</dataSourceId>
      <dataSourceName>IXLCGEN-5726 DS</dataSourceName>
      <schema>INFORMATION_SCHEMA</schema>
      <catalog>Demo2</catalog>
      <table>COLUMNS</table>
      <column>TABLE_NAME</column>
    </column>
    <column>
      <dataSourceId>8c02e553-f0c8-4b75-8b46-5e5ef2fc5943</dataSourceId>
      <dataSourceName>IXLCGEN-5726 DS</dataSourceName>
      <schema>INFORMATION_SCHEMA</schema>
      <catalog>Demo2</catalog>
      <table>COLUMNS</table>
      <column>NUMERIC_PRECISION</column>
    </column>
  </filterColumns>
</Filter>