<?xml version="1.0"?>
<Filter xmlns:xsd="http://www.w3.org/2001/XMLSchema" xmlns:xsi="http://www.w3.org/2001/XMLSchema-instance">
  <id>c1de0c20-c2a1-4b0b-a447-c6980ab8f74d</id>
  <name>F1</name>
  <parentId>1497526d-e3f1-4f63-9c22-1b692f1e390e</parentId>
  <path>/IXLCGEN-5726/Folder 1/F1</path>
  <properties />
  <parameterReferences xsi:nil="true" />
  <filterExpression>%1 = %2</filterExpression>
  <filterColumns>
    <column>
      <dataSourceId>8c02e553-f0c8-4b75-8b46-5e5ef2fc5943</dataSourceId>
      <dataSourceName>IXLCGEN-5726 DS</dataSourceName>
      <schema>INFORMATION_SCHEMA</schema>
      <catalog>Demo2</catalog>
      <table>COLUMNS</table>
      <column>TABLE_CATALOG</column>
    </column>
    <column>
      <dataSourceId>8c02e553-f0c8-4b75-8b46-5e5ef2fc5943</dataSourceId>
      <dataSourceName>IXLCGEN-5726 DS</dataSourceName>
      <schema>INFORMATION_SCHEMA</schema>
      <catalog>Demo2</catalog>
      <table>COLUMNS</table>
      <column>CHARACTER_MAXIMUM_LENGTH</column>
    </column>
  </filterColumns>
</Filter>