<?xml version="1.0"?>
<Folder xmlns:xsd="http://www.w3.org/2001/XMLSchema" xmlns:xsi="http://www.w3.org/2001/XMLSchema-instance">
  <id>6bcc63fc-0916-4b1d-8f52-02f58ad70aff</id>
  <name>RR004 - Transaction type analysis</name>
  <description>7.0 ready</description>
  <parentId>d4c08353-6c69-475d-9b72-318c29b21f0d</parentId>
  <path>/EY_Master_release/MasterRelease_DEV/OTC_Standard/RR004 - Transaction type analysis</path>
  <properties />
  <parameterReferences xsi:nil="true" />
</Folder>