<?xml version="1.0"?>
<Folder xmlns:xsd="http://www.w3.org/2001/XMLSchema" xmlns:xsi="http://www.w3.org/2001/XMLSchema-instance">
  <id>7b90d714-89f1-49f5-97f1-8c4e7e7f4da6</id>
  <name>Columns folder</name>
  <parentId>ce5b68cd-9b04-409a-ae5c-8b2310bfcc3f</parentId>
  <path>/EY_Master_release/MasterRelease_DEV/OTC_Standard/RR022 - Transaction sampling/Information Model/v_il_ar_rr007_subledger_transaction_details/Columns folder</path>
  <properties />
  <parameterReferences xsi:nil="true" />
</Folder>