<?xml version="1.0"?>
<Folder xmlns:xsd="http://www.w3.org/2001/XMLSchema" xmlns:xsi="http://www.w3.org/2001/XMLSchema-instance">
  <id>968761e2-3394-4a70-8d42-eb4b2b87385e</id>
  <name>QA_Performance</name>
  <description>DXP-s for performance testing</description>
  <parentId>6b67ec30-712e-11dd-7434-00100a64217d</parentId>
  <path>/QA_Performance</path>
  <properties>
    <property>
      <key>keywords</key>
      <value>qa performance test</value>
    </property>
  </properties>
  <parameterReferences xsi:nil="true" />
</Folder>