<?xml version="1.0"?>
<Folder xmlns:xsd="http://www.w3.org/2001/XMLSchema" xmlns:xsi="http://www.w3.org/2001/XMLSchema-instance">
  <id>2b9fabf7-2279-472f-b9da-fb917fe9afec</id>
  <name>OTC_V_Flat_Journal_Entry_Summary_append</name>
  <parentId>9927cf9a-8106-43da-b10b-45f8b96e8185</parentId>
  <path>/EY_Master_release/MasterRelease_DEV/OTC_Standard/RR022 - Transaction sampling/Information Model/v_flat_journal_entry/IL folder/OTC_V_Flat_Journal_Entry_Summary_append</path>
  <properties />
  <parameterReferences xsi:nil="true" />
</Folder>