<?xml version="1.0"?>
<Folder xmlns:xsd="http://www.w3.org/2001/XMLSchema" xmlns:xsi="http://www.w3.org/2001/XMLSchema-instance">
  <id>a4a0ce72-832e-4b96-b1b9-f62b0029f592</id>
  <name>temp_proc_ar_subledger_transaction_search</name>
  <parentId>3b2b3e11-7231-4c48-9e7d-304facb6cde1</parentId>
  <path>/EY_Master_release/MasterRelease_DEV/OTC_Standard/RR022 - Transaction sampling/Information Model/temp_proc_ar_subledger_transaction_search</path>
  <properties />
  <parameterReferences xsi:nil="true" />
</Folder>