<?xml version="1.0"?>
<Folder xmlns:xsd="http://www.w3.org/2001/XMLSchema" xmlns:xsi="http://www.w3.org/2001/XMLSchema-instance">
  <id>990694d9-d6fc-4628-bf9d-f6fc84146ad5</id>
  <name>PROC_Get_Random_Shared_AR_activity_details</name>
  <parentId>3b2b3e11-7231-4c48-9e7d-304facb6cde1</parentId>
  <path>/EY_Master_release/MasterRelease_DEV/OTC_Standard/RR022 - Transaction sampling/Information Model/PROC_Get_Random_Shared_AR_activity_details</path>
  <properties />
  <parameterReferences xsi:nil="true" />
</Folder>