<?xml version="1.0"?>
<Folder xmlns:xsd="http://www.w3.org/2001/XMLSchema" xmlns:xsi="http://www.w3.org/2001/XMLSchema-instance">
  <id>14e07e2e-bfc3-4aa4-897d-f099e2711685</id>
  <name>OTC_v_IL_AR_Subledger_transaction_details_RR022_Goods Receipt Line Level</name>
  <parentId>dce8d8cd-162d-44be-b202-12f8321d1524</parentId>
  <path>/EY_Master_release/MasterRelease_DEV/OTC_Standard/RR022 - Transaction sampling/Information Model/v_il_ar_rr007_subledger_transaction_details/IL folder/OTC_v_IL_AR_Subledger_transaction_details_RR022_Goods Receipt Line Level</path>
  <properties />
  <parameterReferences xsi:nil="true" />
</Folder>