<?xml version="1.0"?>
<Folder xmlns:xsd="http://www.w3.org/2001/XMLSchema" xmlns:xsi="http://www.w3.org/2001/XMLSchema-instance">
  <id>7ea32ac7-284f-4661-ab63-f183d3b15275</id>
  <name>RR005 - Preparer and approver analysis and segegation of duties</name>
  <description>7.0 ready</description>
  <parentId>d4c08353-6c69-475d-9b72-318c29b21f0d</parentId>
  <path>/EY_Master_release/MasterRelease_DEV/OTC_Standard/RR005 - Preparer and approver analysis and segegation of duties</path>
  <properties />
  <parameterReferences xsi:nil="true" />
</Folder>