<?xml version="1.0"?>
<Folder xmlns:xsd="http://www.w3.org/2001/XMLSchema" xmlns:xsi="http://www.w3.org/2001/XMLSchema-instance">
  <id>50665a4a-f1be-4b5a-9bad-b2e28027d63c</id>
  <name>A_PT_AnarColumn</name>
  <description>test</description>
  <parentId>d57503d9-0a87-49b8-be3e-a8c52369720d</parentId>
  <path>/DEV_PeterT_Collector/A_PT_AnarColumn</path>
  <properties>
    <property>
      <key>keywords</key>
      <value>test</value>
    </property>
  </properties>
  <parameterReferences xsi:nil="true" />
</Folder>