<?xml version="1.0"?>
<Folder xmlns:xsd="http://www.w3.org/2001/XMLSchema" xmlns:xsi="http://www.w3.org/2001/XMLSchema-instance">
  <id>ce5b68cd-9b04-409a-ae5c-8b2310bfcc3f</id>
  <name>v_il_ar_rr007_subledger_transaction_details</name>
  <parentId>3b2b3e11-7231-4c48-9e7d-304facb6cde1</parentId>
  <path>/EY_Master_release/MasterRelease_DEV/OTC_Standard/RR022 - Transaction sampling/Information Model/v_il_ar_rr007_subledger_transaction_details</path>
  <properties />
  <parameterReferences xsi:nil="true" />
</Folder>