<?xml version="1.0"?>
<Folder xmlns:xsd="http://www.w3.org/2001/XMLSchema" xmlns:xsi="http://www.w3.org/2001/XMLSchema-instance">
  <id>773e7a14-b719-4b74-a130-f0e85f01b035</id>
  <name>RR008 - Determine the population of settled invoices</name>
  <description>7.0 ready</description>
  <parentId>d4c08353-6c69-475d-9b72-318c29b21f0d</parentId>
  <path>/EY_Master_release/MasterRelease_DEV/OTC_Standard/RR008 - Determine the population of settled invoices</path>
  <properties />
  <parameterReferences xsi:nil="true" />
</Folder>