<?xml version="1.0"?>
<Folder xmlns:xsd="http://www.w3.org/2001/XMLSchema" xmlns:xsi="http://www.w3.org/2001/XMLSchema-instance">
  <id>9ce870dd-d9f4-4e02-964b-de0864f005b6</id>
  <name>OTC_V_Flat_Journal_Entry_Summary</name>
  <parentId>9927cf9a-8106-43da-b10b-45f8b96e8185</parentId>
  <path>/EY_Master_release/MasterRelease_DEV/OTC_Standard/RR022 - Transaction sampling/Information Model/v_flat_journal_entry/IL folder/OTC_V_Flat_Journal_Entry_Summary</path>
  <properties />
  <parameterReferences xsi:nil="true" />
</Folder>