<?xml version="1.0"?>
<Folder xmlns:xsd="http://www.w3.org/2001/XMLSchema" xmlns:xsi="http://www.w3.org/2001/XMLSchema-instance">
  <id>72ae71ff-eae4-4363-8e12-1d2f740072df</id>
  <name>v_il_parameters_bu_random_ap_ar_random_ap_ar</name>
  <parentId>3b2b3e11-7231-4c48-9e7d-304facb6cde1</parentId>
  <path>/EY_Master_release/MasterRelease_DEV/OTC_Standard/RR022 - Transaction sampling/Information Model/v_il_parameters_bu_random_ap_ar_random_ap_ar</path>
  <properties />
  <parameterReferences xsi:nil="true" />
</Folder>