<?xml version="1.0"?>
<Folder xmlns:xsd="http://www.w3.org/2001/XMLSchema" xmlns:xsi="http://www.w3.org/2001/XMLSchema-instance">
  <id>dce8d8cd-162d-44be-b202-12f8321d1524</id>
  <name>IL folder</name>
  <parentId>ce5b68cd-9b04-409a-ae5c-8b2310bfcc3f</parentId>
  <path>/EY_Master_release/MasterRelease_DEV/OTC_Standard/RR022 - Transaction sampling/Information Model/v_il_ar_rr007_subledger_transaction_details/IL folder</path>
  <properties />
  <parameterReferences xsi:nil="true" />
</Folder>