<?xml version="1.0"?>
<InformationLink xmlns:xsd="http://www.w3.org/2001/XMLSchema" xmlns:xsi="http://www.w3.org/2001/XMLSchema-instance">
  <id>a5e89792-a7e3-467a-bff5-df637bfd110c</id>
  <name>Information linkssss</name>
  <parentId>2c05cf24-b555-4837-9060-24fc6899c93e</parentId>
  <path>/QA_Anton/IL_folder/Information linkssss</path>
  <properties>
    <property>
      <key>InformationLinkReference</key>
      <value>a5e89792-a7e3-467a-bff5-df637bfd110c</value>
    </property>
  </properties>
  <parameterReferences />
  <elementRefs>
    <reference>
      <elementId>9444aab8-b2a1-4e52-84ef-aa2069fb095e</elementId>
      <hidden>false</hidden>
      <promptGroup>0</promptGroup>
      <properties>
        <property>
          <key>Spotfire.Group</key>
          <value>0</value>
        </property>
      </properties>
    </reference>
  </elementRefs>
  <joins />
  <SQL />
  <preProcedureRefs />
  <postProcedureRefs />
  <staticFilters xsi:nil="true" />
  <promptableFilters xsi:nil="true" />
  <namedParameterDefinitions />
</InformationLink>