<?xml version="1.0"?>
<InformationLink xmlns:xsd="http://www.w3.org/2001/XMLSchema" xmlns:xsi="http://www.w3.org/2001/XMLSchema-instance">
  <id>ab2fa344-79f4-452d-968e-154d73314419</id>
  <name>Information link1</name>
  <parentId>543bbe08-4f47-4984-b272-84b921dd3abd</parentId>
  <path>/z_BIVC_dependency_search/Folder3/Information link1</path>
  <properties>
    <property>
      <key>InformationLinkReference</key>
      <value>ab2fa344-79f4-452d-968e-154d73314419</value>
    </property>
  </properties>
  <parameterReferences />
  <elementRefs>
    <reference>
      <elementId>ad9e1762-d718-401b-a03f-e8992b266848</elementId>
      <hidden>false</hidden>
      <promptGroup>0</promptGroup>
      <properties>
        <property>
          <key>Spotfire.Group</key>
          <value>0</value>
        </property>
      </properties>
    </reference>
  </elementRefs>
  <joins />
  <SQL />
  <preProcedureRefs />
  <postProcedureRefs />
  <staticFilters xsi:nil="true" />
  <promptableFilters xsi:nil="true" />
  <namedParameterDefinitions />
</InformationLink>