<?xml version="1.0"?>
<InformationLink xmlns:xsd="http://www.w3.org/2001/XMLSchema" xmlns:xsi="http://www.w3.org/2001/XMLSchema-instance">
  <id>a3f3f03f-7181-468d-8862-d7cff6b49244</id>
  <name>Information Link2</name>
  <parentId>75baccdf-8f98-4337-9888-5917b9baa71c</parentId>
  <path>/z_BIVC_dependency_search/Folder14/Information Link2</path>
  <properties>
    <property>
      <key>Import.Result</key>
      <value>ReferencesNotFound</value>
    </property>
    <property>
      <key>InformationLinkReference</key>
      <value>a3f3f03f-7181-468d-8862-d7cff6b49244</value>
    </property>
  </properties>
  <parameterReferences />
  <elementRefs>
    <reference>
      <elementId>b37ef4f4-2d6b-480b-9440-b4462421d5e9</elementId>
      <hidden>false</hidden>
      <promptGroup>0</promptGroup>
      <properties xsi:nil="true" />
    </reference>
    <reference>
      <elementId>27a452a0-ca17-452f-ad74-88281e431ed1</elementId>
      <hidden>false</hidden>
      <promptGroup>0</promptGroup>
      <properties>
        <property>
          <key>Spotfire.Group</key>
          <value>0</value>
        </property>
      </properties>
    </reference>
  </elementRefs>
  <joins>
    <join>3be6272f-a890-4bbf-84dc-6e288e2dd99a</join>
  </joins>
  <SQL />
  <preProcedureRefs />
  <postProcedureRefs />
  <staticFilters xsi:nil="true" />
  <promptableFilters xsi:nil="true" />
  <namedParameterDefinitions />
</InformationLink>