<?xml version="1.0"?>
<InformationLink xmlns:xsd="http://www.w3.org/2001/XMLSchema" xmlns:xsi="http://www.w3.org/2001/XMLSchema-instance">
  <id>4125cdc0-e57f-40bf-aa67-4d17b7ada82a</id>
  <name>Information link</name>
  <parentId>d28b45d2-56d1-4f29-bb8d-51d73cccdb77</parentId>
  <path>/DEV_Dmitriy_San/Information link</path>
  <properties>
    <property>
      <key>InformationLinkReference</key>
      <value>4125cdc0-e57f-40bf-aa67-4d17b7ada82a</value>
    </property>
  </properties>
  <parameterReferences />
  <elementRefs>
    <reference>
      <elementId>4f2699d8-421f-4ebb-bbfe-a627355bd4e2</elementId>
      <hidden>false</hidden>
      <promptGroup>0</promptGroup>
      <properties>
        <property>
          <key>Spotfire.Group</key>
          <value>0</value>
        </property>
      </properties>
    </reference>
  </elementRefs>
  <joins />
  <SQL />
  <preProcedureRefs />
  <postProcedureRefs />
  <staticFilters xsi:nil="true" />
  <promptableFilters xsi:nil="true" />
  <namedParameterDefinitions />
</InformationLink>