<?xml version="1.0"?>
<InformationLink xmlns:xsd="http://www.w3.org/2001/XMLSchema" xmlns:xsi="http://www.w3.org/2001/XMLSchema-instance">
  <id>23b0de0f-aa26-4d83-815b-f802beb703a3</id>
  <name>Information link_100</name>
  <parentId>d28b45d2-56d1-4f29-bb8d-51d73cccdb77</parentId>
  <path>/DEV_Dmitriy_San/Information link_100</path>
  <properties>
    <property>
      <key>InformationLinkReference</key>
      <value>23b0de0f-aa26-4d83-815b-f802beb703a3</value>
    </property>
  </properties>
  <parameterReferences />
  <elementRefs>
    <reference>
      <elementId>ea1ba295-cb73-4002-a486-7c71db650a0e</elementId>
      <hidden>false</hidden>
      <promptGroup>0</promptGroup>
      <properties>
        <property>
          <key>Spotfire.Group</key>
          <value>0</value>
        </property>
      </properties>
    </reference>
  </elementRefs>
  <joins />
  <SQL />
  <preProcedureRefs />
  <postProcedureRefs />
  <staticFilters xsi:nil="true" />
  <promptableFilters xsi:nil="true" />
  <namedParameterDefinitions />
</InformationLink>