<?xml version="1.0"?>
<InformationLink xmlns:xsd="http://www.w3.org/2001/XMLSchema" xmlns:xsi="http://www.w3.org/2001/XMLSchema-instance">
  <id>ababf8bd-939d-4a7e-90ea-b407fe9c6fc3</id>
  <name>Information link443</name>
  <parentId>2c05cf24-b555-4837-9060-24fc6899c93e</parentId>
  <path>/QA_Anton/IL_folder/Information link443</path>
  <properties>
    <property>
      <key>InformationLinkReference</key>
      <value>ababf8bd-939d-4a7e-90ea-b407fe9c6fc3</value>
    </property>
  </properties>
  <parameterReferences />
  <elementRefs>
    <reference>
      <elementId>9444aab8-b2a1-4e52-84ef-aa2069fb095e</elementId>
      <hidden>false</hidden>
      <promptGroup>0</promptGroup>
      <properties>
        <property>
          <key>Spotfire.Group</key>
          <value>0</value>
        </property>
      </properties>
    </reference>
  </elementRefs>
  <joins />
  <SQL />
  <preProcedureRefs />
  <postProcedureRefs />
  <staticFilters xsi:nil="true" />
  <promptableFilters xsi:nil="true" />
  <namedParameterDefinitions />
</InformationLink>