<?xml version="1.0"?>
<InformationLink xmlns:xsd="http://www.w3.org/2001/XMLSchema" xmlns:xsi="http://www.w3.org/2001/XMLSchema-instance">
  <id>5a522b3f-37e4-4a67-83a6-80589e53e00d</id>
  <name>IL 2 SS2</name>
  <description>C2 SS2, C3 S3 here description was changed too</description>
  <parentId>928c18b8-d3d1-4146-95ec-4e75a3e9bd2d</parentId>
  <path>/IXLCGEN-5726/Folder 2/Subfolder 2/Subsubfolder 2/IL 2 SS2</path>
  <properties>
    <property>
      <key>new</key>
      <value>6</value>
    </property>
    <property>
      <key>InformationLinkReference</key>
      <value>5a522b3f-37e4-4a67-83a6-80589e53e00d</value>
    </property>
  </properties>
  <parameterReferences />
  <elementRefs>
    <reference>
      <elementId>fad136e4-429d-4d3e-a2f2-5625056c756a</elementId>
      <hidden>false</hidden>
      <promptGroup>0</promptGroup>
      <properties>
        <property>
          <key>Spotfire.Group</key>
          <value>0</value>
        </property>
      </properties>
    </reference>
    <reference>
      <elementId>30f4b14a-e715-4346-bc5e-960a6414e205</elementId>
      <hidden>false</hidden>
      <promptGroup>0</promptGroup>
      <properties>
        <property>
          <key>Spotfire.Group</key>
          <value>0</value>
        </property>
      </properties>
    </reference>
  </elementRefs>
  <joins />
  <SQL />
  <preProcedureRefs />
  <postProcedureRefs />
  <staticFilters xsi:nil="true" />
  <promptableFilters xsi:nil="true" />
  <namedParameterDefinitions />
</InformationLink>