<?xml version="1.0"?>
<InformationLink xmlns:xsd="http://www.w3.org/2001/XMLSchema" xmlns:xsi="http://www.w3.org/2001/XMLSchema-instance">
  <id>847a2ad6-3e37-4dfd-9b8e-8a671878b08c</id>
  <name>PT_InfoLink1</name>
  <parentId>2c45903b-72af-4a31-9af9-8da1b912174c</parentId>
  <path>/DEV_PeterT_Collector/A_PT_InfoLinkFolder1/PT_InfoLink1</path>
  <properties>
    <property>
      <key>InformationLinkReference</key>
      <value>847a2ad6-3e37-4dfd-9b8e-8a671878b08c</value>
    </property>
    <property>
      <key>Import.Result</key>
      <value>ReferencesNotFound</value>
    </property>
  </properties>
  <parameterReferences />
  <elementRefs>
    <reference>
      <elementId>ab0b4438-435a-40ae-b0c3-a953d0627c38</elementId>
      <hidden>false</hidden>
      <promptGroup>0</promptGroup>
      <properties xsi:nil="true" />
    </reference>
  </elementRefs>
  <joins />
  <SQL />
  <preProcedureRefs />
  <postProcedureRefs />
  <staticFilters xsi:nil="true" />
  <promptableFilters xsi:nil="true" />
  <namedParameterDefinitions />
</InformationLink>