<?xml version="1.0"?>
<InformationLink xmlns:xsd="http://www.w3.org/2001/XMLSchema" xmlns:xsi="http://www.w3.org/2001/XMLSchema-instance">
  <id>6ce442e1-f3e9-44f0-b2b3-15a29678945a</id>
  <name>OTC_v_IL_AR_Subledger_transaction_details_RR022_ TLM Transaction level</name>
  <description>RR007 TLM Transaction level</description>
  <parentId>eb87ee26-8124-402b-98b1-a5332a175878</parentId>
  <path>/EY_Master_release/MasterRelease_DEV/OTC_Standard/RR022 - Transaction sampling/Information Model/v_il_ar_rr007_subledger_transaction_details/IL folder/OTC_v_IL_AR_Subledger_transaction_details_RR022_ TLM Transaction level/OTC_v_IL_AR_Subledger_transaction_details_RR022_ TLM Transaction level</path>
  <properties>
    <property>
      <key>InformationLinkReference</key>
      <value>6ce442e1-f3e9-44f0-b2b3-15a29678945a</value>
    </property>
  </properties>
  <parameterReferences />
  <elementRefs>
    <reference>
      <elementId>0d782396-a160-411c-81f8-0170ddefa8a0</elementId>
      <hidden>false</hidden>
      <promptGroup>0</promptGroup>
      <properties>
        <property>
          <key>Spotfire.Group</key>
          <value>0</value>
        </property>
      </properties>
    </reference>
    <reference>
      <elementId>5221ad05-593e-4004-9947-eccb89f8162c</elementId>
      <hidden>false</hidden>
      <promptGroup>0</promptGroup>
      <properties>
        <property>
          <key>Spotfire.Group</key>
          <value>0</value>
        </property>
      </properties>
    </reference>
    <reference>
      <elementId>85b2d6d0-44fd-4e6b-9763-1b0bab857b6a</elementId>
      <hidden>false</hidden>
      <promptGroup>0</promptGroup>
      <properties>
        <property>
          <key>Spotfire.Group</key>
          <value>0</value>
        </property>
      </properties>
    </reference>
    <reference>
      <elementId>1eb26865-079b-4b35-b464-b614f32d15eb</elementId>
      <hidden>false</hidden>
      <promptGroup>0</promptGroup>
      <properties>
        <property>
          <key>Spotfire.Group</key>
          <value>0</value>
        </property>
      </properties>
    </reference>
    <reference>
      <elementId>790c2be9-f962-407a-9d55-e246a6dbdec3</elementId>
      <hidden>false</hidden>
      <promptGroup>0</promptGroup>
      <properties>
        <property>
          <key>Spotfire.Group</key>
          <value>0</value>
        </property>
      </properties>
    </reference>
    <reference>
      <elementId>1c949f96-3331-4105-896e-0981e76f0d84</elementId>
      <hidden>false</hidden>
      <promptGroup>0</promptGroup>
      <properties>
        <property>
          <key>Spotfire.Group</key>
          <value>0</value>
        </property>
      </properties>
    </reference>
    <reference>
      <elementId>3e39850f-b5ea-4301-81d4-25bb87cf24af</elementId>
      <hidden>false</hidden>
      <promptGroup>0</promptGroup>
      <properties>
        <property>
          <key>Spotfire.Group</key>
          <value>0</value>
        </property>
      </properties>
    </reference>
    <reference>
      <elementId>825dc2a8-944f-4fd6-8b73-6d67b814f742</elementId>
      <hidden>false</hidden>
      <promptGroup>0</promptGroup>
      <properties>
        <property>
          <key>Spotfire.Group</key>
          <value>0</value>
        </property>
      </properties>
    </reference>
    <reference>
      <elementId>83d8fab1-3ba4-4da4-a356-a49ee660147b</elementId>
      <hidden>false</hidden>
      <promptGroup>0</promptGroup>
      <properties>
        <property>
          <key>Spotfire.Group</key>
          <value>0</value>
        </property>
      </properties>
    </reference>
    <reference>
      <elementId>26a47c67-ca32-427e-94dd-77e2c7374b11</elementId>
      <hidden>false</hidden>
      <promptGroup>0</promptGroup>
      <properties>
        <property>
          <key>Spotfire.Group</key>
          <value>0</value>
        </property>
      </properties>
    </reference>
    <reference>
      <elementId>8329188c-7290-40cd-acca-8758c23f6913</elementId>
      <hidden>false</hidden>
      <promptGroup>0</promptGroup>
      <properties>
        <property>
          <key>Spotfire.Group</key>
          <value>0</value>
        </property>
      </properties>
    </reference>
    <reference>
      <elementId>9aee35ad-bd54-48bc-8c08-c58f0eab9a08</elementId>
      <hidden>false</hidden>
      <promptGroup>0</promptGroup>
      <properties>
        <property>
          <key>Spotfire.Group</key>
          <value>0</value>
        </property>
      </properties>
    </reference>
    <reference>
      <elementId>a9ed27b5-e51b-4f57-9c52-279d48b4ee79</elementId>
      <hidden>false</hidden>
      <promptGroup>0</promptGroup>
      <properties>
        <property>
          <key>Spotfire.Group</key>
          <value>0</value>
        </property>
      </properties>
    </reference>
    <reference>
      <elementId>8ea4c0df-7e8e-43bd-b414-8bc490e73b45</elementId>
      <hidden>false</hidden>
      <promptGroup>0</promptGroup>
      <properties>
        <property>
          <key>Spotfire.Group</key>
          <value>0</value>
        </property>
      </properties>
    </reference>
    <reference>
      <elementId>d1524e3d-ae88-427f-839a-0ccacc2bacba</elementId>
      <hidden>false</hidden>
      <promptGroup>0</promptGroup>
      <properties>
        <property>
          <key>Spotfire.Group</key>
          <value>0</value>
        </property>
      </properties>
    </reference>
    <reference>
      <elementId>6e390d15-6081-4870-b501-675f00f70ddf</elementId>
      <hidden>false</hidden>
      <promptGroup>0</promptGroup>
      <properties>
        <property>
          <key>Spotfire.Group</key>
          <value>0</value>
        </property>
      </properties>
    </reference>
    <reference>
      <elementId>a3ecb130-2d4d-425d-a4f3-964ce8aebfff</elementId>
      <hidden>false</hidden>
      <promptGroup>0</promptGroup>
      <properties>
        <property>
          <key>Spotfire.Group</key>
          <value>0</value>
        </property>
      </properties>
    </reference>
    <reference>
      <elementId>37c44103-5a46-4b4d-9a15-9f739d1bfe98</elementId>
      <hidden>false</hidden>
      <promptGroup>0</promptGroup>
      <properties>
        <property>
          <key>Spotfire.Group</key>
          <value>0</value>
        </property>
      </properties>
    </reference>
    <reference>
      <elementId>33727c2b-8acd-4dc0-ac60-d8426177c4c8</elementId>
      <hidden>false</hidden>
      <promptGroup>0</promptGroup>
      <properties>
        <property>
          <key>Spotfire.Group</key>
          <value>0</value>
        </property>
      </properties>
    </reference>
    <reference>
      <elementId>20675247-427e-4ff7-9bdb-fb55aec9064f</elementId>
      <hidden>false</hidden>
      <promptGroup>0</promptGroup>
      <properties>
        <property>
          <key>Spotfire.Group</key>
          <value>0</value>
        </property>
      </properties>
    </reference>
    <reference>
      <elementId>7e443861-0f8f-49ea-9247-a1ee2fd1bdca</elementId>
      <hidden>false</hidden>
      <promptGroup>0</promptGroup>
      <properties>
        <property>
          <key>Spotfire.Group</key>
          <value>0</value>
        </property>
      </properties>
    </reference>
    <reference>
      <elementId>0e1d88de-7005-4771-8ed3-0b631931ce0b</elementId>
      <hidden>false</hidden>
      <promptGroup>0</promptGroup>
      <properties>
        <property>
          <key>Spotfire.Group</key>
          <value>0</value>
        </property>
      </properties>
    </reference>
    <reference>
      <elementId>5f7415f4-530a-4b26-8d85-33109c23beb7</elementId>
      <hidden>false</hidden>
      <promptGroup>0</promptGroup>
      <properties>
        <property>
          <key>Spotfire.Group</key>
          <value>0</value>
        </property>
      </properties>
    </reference>
    <reference>
      <elementId>5f39e910-4996-4672-9f81-14527270c4fe</elementId>
      <hidden>false</hidden>
      <promptGroup>0</promptGroup>
      <properties>
        <property>
          <key>Spotfire.Group</key>
          <value>0</value>
        </property>
      </properties>
    </reference>
    <reference>
      <elementId>ab91ab89-01fd-4c2c-a6df-915e9b76131e</elementId>
      <hidden>false</hidden>
      <promptGroup>0</promptGroup>
      <properties>
        <property>
          <key>Spotfire.Group</key>
          <value>0</value>
        </property>
      </properties>
    </reference>
    <reference>
      <elementId>aa4eb92f-430a-4029-945f-d8db91b73891</elementId>
      <hidden>false</hidden>
      <promptGroup>0</promptGroup>
      <properties>
        <property>
          <key>Spotfire.Group</key>
          <value>0</value>
        </property>
      </properties>
    </reference>
    <reference>
      <elementId>8084929a-f212-4c11-9ec1-83b61a58f4e6</elementId>
      <hidden>false</hidden>
      <promptGroup>0</promptGroup>
      <properties>
        <property>
          <key>Spotfire.Group</key>
          <value>0</value>
        </property>
      </properties>
    </reference>
    <reference>
      <elementId>3700fa67-2bff-4b5d-8231-0a87b1bed25d</elementId>
      <hidden>false</hidden>
      <promptGroup>0</promptGroup>
      <properties>
        <property>
          <key>Spotfire.Group</key>
          <value>0</value>
        </property>
      </properties>
    </reference>
    <reference>
      <elementId>88a001f0-9122-460f-84a3-06327281ab47</elementId>
      <hidden>false</hidden>
      <promptGroup>0</promptGroup>
      <properties>
        <property>
          <key>Spotfire.Group</key>
          <value>0</value>
        </property>
      </properties>
    </reference>
    <reference>
      <elementId>659139f7-6c31-4f3c-8b0d-3c82f0398498</elementId>
      <hidden>false</hidden>
      <promptGroup>0</promptGroup>
      <properties>
        <property>
          <key>Spotfire.Group</key>
          <value>0</value>
        </property>
      </properties>
    </reference>
    <reference>
      <elementId>2ef07195-3e43-4847-a31f-fd3139b6f2b3</elementId>
      <hidden>false</hidden>
      <promptGroup>0</promptGroup>
      <properties>
        <property>
          <key>Spotfire.Group</key>
          <value>0</value>
        </property>
      </properties>
    </reference>
    <reference>
      <elementId>d38b52ef-9eef-44b5-82c8-be4c2ee5fa32</elementId>
      <hidden>false</hidden>
      <promptGroup>0</promptGroup>
      <properties>
        <property>
          <key>Spotfire.Group</key>
          <value>0</value>
        </property>
      </properties>
    </reference>
    <reference>
      <elementId>4418bb58-bb29-41b0-b0da-cc0f172f3746</elementId>
      <hidden>false</hidden>
      <promptGroup>0</promptGroup>
      <properties>
        <property>
          <key>Spotfire.Group</key>
          <value>0</value>
        </property>
      </properties>
    </reference>
    <reference>
      <elementId>0189d41b-2378-4fa5-8257-2060f774dc99</elementId>
      <hidden>false</hidden>
      <promptGroup>0</promptGroup>
      <properties>
        <property>
          <key>Spotfire.Group</key>
          <value>0</value>
        </property>
      </properties>
    </reference>
    <reference>
      <elementId>c0b4a3d5-0eea-406e-8878-2f63abbda2ab</elementId>
      <hidden>false</hidden>
      <promptGroup>0</promptGroup>
      <properties>
        <property>
          <key>Spotfire.Group</key>
          <value>0</value>
        </property>
      </properties>
    </reference>
    <reference>
      <elementId>099ff4c2-e622-4391-9ec2-2548bed71258</elementId>
      <hidden>false</hidden>
      <promptGroup>0</promptGroup>
      <properties>
        <property>
          <key>Spotfire.Group</key>
          <value>0</value>
        </property>
      </properties>
    </reference>
    <reference>
      <elementId>b016c369-c96f-4aec-99ab-9167ac68a2b7</elementId>
      <hidden>false</hidden>
      <promptGroup>0</promptGroup>
      <properties>
        <property>
          <key>Spotfire.Group</key>
          <value>0</value>
        </property>
      </properties>
    </reference>
    <reference>
      <elementId>a1f51870-49ab-475f-8dbe-068980a2cfbe</elementId>
      <hidden>false</hidden>
      <promptGroup>0</promptGroup>
      <properties>
        <property>
          <key>Spotfire.Group</key>
          <value>0</value>
        </property>
      </properties>
    </reference>
    <reference>
      <elementId>4768f4e0-6142-4d89-866e-ef552df86547</elementId>
      <hidden>false</hidden>
      <promptGroup>0</promptGroup>
      <properties>
        <property>
          <key>Spotfire.Group</key>
          <value>0</value>
        </property>
      </properties>
    </reference>
    <reference>
      <elementId>90cd8168-4cd1-4c16-ad07-9dc415c4aa75</elementId>
      <hidden>false</hidden>
      <promptGroup>0</promptGroup>
      <properties>
        <property>
          <key>Spotfire.Group</key>
          <value>0</value>
        </property>
      </properties>
    </reference>
    <reference>
      <elementId>07b36353-8148-4539-8a72-24fbfd846244</elementId>
      <hidden>false</hidden>
      <promptGroup>0</promptGroup>
      <properties>
        <property>
          <key>Spotfire.Group</key>
          <value>0</value>
        </property>
      </properties>
    </reference>
    <reference>
      <elementId>0289d5b3-f220-43e4-b85b-d1900cdbc5eb</elementId>
      <hidden>false</hidden>
      <promptGroup>0</promptGroup>
      <properties>
        <property>
          <key>Spotfire.Group</key>
          <value>0</value>
        </property>
      </properties>
    </reference>
    <reference>
      <elementId>bf0981bf-45cc-49ba-99fc-1acc895947f0</elementId>
      <hidden>false</hidden>
      <promptGroup>0</promptGroup>
      <properties>
        <property>
          <key>Spotfire.Group</key>
          <value>0</value>
        </property>
      </properties>
    </reference>
    <reference>
      <elementId>bce56d26-47e4-4de8-9fa4-83ada62303db</elementId>
      <hidden>false</hidden>
      <promptGroup>0</promptGroup>
      <properties>
        <property>
          <key>Spotfire.Group</key>
          <value>0</value>
        </property>
      </properties>
    </reference>
    <reference>
      <elementId>3e02fcb6-062a-43b9-9098-6225cc75a885</elementId>
      <hidden>false</hidden>
      <promptGroup>0</promptGroup>
      <properties>
        <property>
          <key>Spotfire.Group</key>
          <value>0</value>
        </property>
      </properties>
    </reference>
    <reference>
      <elementId>049e7a9d-7e05-47f2-a991-1c8adfa54d99</elementId>
      <hidden>false</hidden>
      <promptGroup>0</promptGroup>
      <properties>
        <property>
          <key>Spotfire.Group</key>
          <value>0</value>
        </property>
      </properties>
    </reference>
    <reference>
      <elementId>9be2bcce-23f9-4a38-85ab-e133386afa25</elementId>
      <hidden>false</hidden>
      <promptGroup>0</promptGroup>
      <properties>
        <property>
          <key>Spotfire.Group</key>
          <value>0</value>
        </property>
      </properties>
    </reference>
    <reference>
      <elementId>ed25a152-9521-4250-ba64-1d2fb330658b</elementId>
      <hidden>false</hidden>
      <promptGroup>0</promptGroup>
      <properties>
        <property>
          <key>Spotfire.Group</key>
          <value>0</value>
        </property>
      </properties>
    </reference>
  </elementRefs>
  <joins />
  <SQL>
    <entry>
      <dataSourceId>98817af7-cd7c-4849-a139-7ade8bb03cee</dataSourceId>
      <modifiedQuery>SELECT
   v1.`accounting period` AS `ACCOUNTINGPERIOD`,
   v1.`accounting sub period` AS `ACCOUNTINGSUBPERIOD`,
   v1.`aging band` AS `AGINGBAND`,
   v1.`business unit` AS `BUSINESSUNIT`,
   v1.`business unit group` AS `BUSINESSUNITGROUP`,
   v1.`clearing reference` AS `CLEARINGREFERENCE`,
   v1.`customer` AS `CUSTOMER`,
   v1.`customer account code` AS `CUSTOMERACCOUNTCODE`,
   v1.`customer account name` AS `CUSTOMERACCOUNTNAME`,
   v1.`customer churn category` AS `CUSTOMERCHURNCATEGORY`,
   v1.`customer country` AS `CUSTOMERCOUNTRY`,
   v1.`customer type` AS `CUSTOMERTYPE`,
   v1.`despatch effective date` AS `DESPATCHEFFECTIVEDATE`,
   v1.`despatch entry by` AS `DESPATCHENTRYBY`,
   v1.`despatch entry date` AS `DESPATCHENTRYDATE`,
   v1.`despatch fiscal period` AS `DESPATCHFISCALPERIOD`,
   v1.`functional amount` AS `FUNCTIONALAMOUNT`,
   v1.`functional currency` AS `FUNCTIONALCURRENCY`,
   v1.`goods despatch reference` AS `GOODSDESPATCHREFERENCE`,
   v1.`invoice type` AS `INVOICETYPE`,
   v1.`line number` AS `LINENUMBER`,
   v1.`period flag` AS `PERIODFLAG`,
   v1.`preparer` AS `PREPARER`,
   v1.`preparer department` AS `PREPARERDEPARTMENT`,
   v1.`product description` AS `PRODUCTDESCRIPTION`,
   v1.`product group` AS `PRODUCTGROUP`,
   v1.`product type` AS `PRODUCTTYPE`,
   v1.`receipt line price` AS `RECEIPTLINEPRICE`,
   v1.`related party` AS `RELATEDPARTY`,
   v1.`related party category` AS `RELATEDPARTYCATEGORY`,
   v1.`sales invoice code` AS `SALESINVOICECODE`,
   v1.`sales invoice line price` AS `SALESINVOICELINEPRICE`,
   v1.`sales order line` AS `SALESORDERLINE`,
   v1.`sales order ref` AS `SALESORDERREF`,
   v1.`segment 1` AS `SEGMENT1`,
   v1.`segment 1 group` AS `SEGMENT1GROUP`,
   v1.`segment 2` AS `SEGMENT2`,
   v1.`segment 2 group` AS `SEGMENT2GROUP`,
   v1.`transaction clearing` AS `TRANSACTIONCLEARING`,
   v1.`transaction entry date` AS `TRANSACTIONENTRYDATE`,
   v1.`transaction fiscal period` AS `TRANSACTIONFISCALPERIOD`,
   v1.`transaction number` AS `TRANSACTIONNUMBER`,
   v1.`transaction type` AS `TRANSACTIONTYPE`,
   v1.`transaction type group` AS `TRANSACTIONTYPEGROUP`,
   v1.`matching category` AS `MATCHINGCATEGORY`,
   v1.`cutoff category` AS `CUTOFFCATEGORY`,
   v1.`reporting currency` AS `REPORTINGCURRENCY`,
   v1.`rr007_03_key` AS `RR00703KEY`
FROM
   
--dbname
`v_il_ar_rr007_subledger_transaction_details` v1
WHERE
   &lt;conditions&gt;
</modifiedQuery>
      <modifiedPreCommands />
      <modifiedPostCommands />
      <generatedPreCommands xsi:nil="true" />
      <generatedPostCommands xsi:nil="true" />
    </entry>
  </SQL>
  <preProcedureRefs />
  <postProcedureRefs />
  <staticFilters xsi:nil="true" />
  <promptableFilters xsi:nil="true" />
  <namedParameterDefinitions />
</InformationLink>