<?xml version="1.0"?>
<InformationLink xmlns:xsd="http://www.w3.org/2001/XMLSchema" xmlns:xsi="http://www.w3.org/2001/XMLSchema-instance">
  <id>7584241f-f949-4bf9-9ea3-9f727f269a73</id>
  <name>Information link</name>
  <parentId>6552f1e8-2260-47b3-8bd2-e1f4cfcecf1f</parentId>
  <path>/DEV_Raman/Information link</path>
  <properties>
    <property>
      <key>InformationLinkReference</key>
      <value>7584241f-f949-4bf9-9ea3-9f727f269a73</value>
    </property>
  </properties>
  <parameterReferences />
  <elementRefs>
    <reference>
      <elementId>4caa38c9-ecf3-4c2c-8a8e-b6f48d2836c5</elementId>
      <hidden>false</hidden>
      <promptGroup>0</promptGroup>
      <properties>
        <property>
          <key>Spotfire.Group</key>
          <value>0</value>
        </property>
      </properties>
    </reference>
  </elementRefs>
  <joins />
  <SQL />
  <preProcedureRefs />
  <postProcedureRefs />
  <staticFilters xsi:nil="true" />
  <promptableFilters xsi:nil="true" />
  <namedParameterDefinitions />
</InformationLink>