<?xml version="1.0"?>
<InformationLink xmlns:xsd="http://www.w3.org/2001/XMLSchema" xmlns:xsi="http://www.w3.org/2001/XMLSchema-instance">
  <id>b4330314-abcd-4c61-bb53-1c7f8e6c2e81</id>
  <name>IL_ToRestrictedFolderColumn</name>
  <parentId>bb9a5e98-d374-4ded-ac3c-636be3810f5c</parentId>
  <path>/DEV_PeterT_Collector/A_InfoLinkToRestrictedFolder/IL_ToRestrictedFolderColumn</path>
  <properties>
    <property>
      <key>InformationLinkReference</key>
      <value>b4330314-abcd-4c61-bb53-1c7f8e6c2e81</value>
    </property>
  </properties>
  <parameterReferences />
  <elementRefs>
    <reference>
      <elementId>251b5685-1834-49c6-a4bd-dbdf024a62df</elementId>
      <hidden>false</hidden>
      <promptGroup>0</promptGroup>
      <properties>
        <property>
          <key>Spotfire.Group</key>
          <value>0</value>
        </property>
      </properties>
    </reference>
  </elementRefs>
  <joins />
  <SQL />
  <preProcedureRefs />
  <postProcedureRefs />
  <staticFilters xsi:nil="true" />
  <promptableFilters xsi:nil="true" />
  <namedParameterDefinitions />
</InformationLink>