<?xml version="1.0"?>
<InformationLink xmlns:xsd="http://www.w3.org/2001/XMLSchema" xmlns:xsi="http://www.w3.org/2001/XMLSchema-instance">
  <id>5caebd92-1979-47fa-9085-6a8a98656aec</id>
  <name>Maryna_Information link</name>
  <parentId>69503afe-65bd-4061-ac76-f2b4f4565767</parentId>
  <path>/QA_Maryna/Test DXP/Maryna_Information link</path>
  <properties>
    <property>
      <key>InformationLinkReference</key>
      <value>5caebd92-1979-47fa-9085-6a8a98656aec</value>
    </property>
  </properties>
  <parameterReferences />
  <elementRefs>
    <reference>
      <elementId>7f858ed9-cff1-45ff-ace9-ab69b0696b66</elementId>
      <hidden>false</hidden>
      <promptGroup>0</promptGroup>
      <properties>
        <property>
          <key>Spotfire.Group</key>
          <value>0</value>
        </property>
      </properties>
    </reference>
    <reference>
      <elementId>e88c9116-9652-4b80-918c-8f0853c84dbf</elementId>
      <hidden>false</hidden>
      <promptGroup>0</promptGroup>
      <properties>
        <property>
          <key>Spotfire.Group</key>
          <value>0</value>
        </property>
      </properties>
    </reference>
    <reference>
      <elementId>cfa0d6cb-78d2-422a-9738-1c768a74f231</elementId>
      <hidden>false</hidden>
      <promptGroup>0</promptGroup>
      <properties>
        <property>
          <key>Spotfire.Group</key>
          <value>0</value>
        </property>
      </properties>
    </reference>
    <reference>
      <elementId>09fe7806-ef14-4eb1-9027-eebfa824378b</elementId>
      <hidden>false</hidden>
      <promptGroup>0</promptGroup>
      <properties>
        <property>
          <key>Spotfire.Group</key>
          <value>0</value>
        </property>
      </properties>
    </reference>
    <reference>
      <elementId>3cfda0e9-91de-49c1-a613-e9b5e821bd16</elementId>
      <hidden>false</hidden>
      <promptGroup>0</promptGroup>
      <properties>
        <property>
          <key>Spotfire.Group</key>
          <value>0</value>
        </property>
      </properties>
    </reference>
    <reference>
      <elementId>48e8f012-0bb3-4a61-bb3e-377b15675f5b</elementId>
      <hidden>false</hidden>
      <promptGroup>0</promptGroup>
      <properties>
        <property>
          <key>Spotfire.Group</key>
          <value>0</value>
        </property>
      </properties>
    </reference>
    <reference>
      <elementId>68c9e0dc-f622-45d3-bdcd-29ce9b25ed02</elementId>
      <hidden>false</hidden>
      <promptGroup>0</promptGroup>
      <properties>
        <property>
          <key>Spotfire.Group</key>
          <value>0</value>
        </property>
      </properties>
    </reference>
    <reference>
      <elementId>44f7563a-c97a-4ef5-b6da-e2ae3eeedafe</elementId>
      <hidden>false</hidden>
      <promptGroup>0</promptGroup>
      <properties>
        <property>
          <key>Spotfire.Group</key>
          <value>0</value>
        </property>
      </properties>
    </reference>
  </elementRefs>
  <joins />
  <SQL />
  <preProcedureRefs />
  <postProcedureRefs />
  <staticFilters xsi:nil="true" />
  <promptableFilters xsi:nil="true" />
  <namedParameterDefinitions />
</InformationLink>