<?xml version="1.0"?>
<InformationLink xmlns:xsd="http://www.w3.org/2001/XMLSchema" xmlns:xsi="http://www.w3.org/2001/XMLSchema-instance">
  <id>8f39455d-78d5-4f9d-bf3e-043710ed9cd5</id>
  <name>PT_InfoLink3</name>
  <parentId>2c45903b-72af-4a31-9af9-8da1b912174c</parentId>
  <path>/DEV_PeterT_Collector/A_PT_InfoLinkFolder1/PT_InfoLink3</path>
  <properties>
    <property>
      <key>Import.Result</key>
      <value>ReferencesNotFound</value>
    </property>
    <property>
      <key>InformationLinkReference</key>
      <value>8f39455d-78d5-4f9d-bf3e-043710ed9cd5</value>
    </property>
  </properties>
  <parameterReferences />
  <elementRefs>
    <reference>
      <elementId>ab0b4438-435a-40ae-b0c3-a953d0627c38</elementId>
      <hidden>false</hidden>
      <promptGroup>0</promptGroup>
      <properties xsi:nil="true" />
    </reference>
  </elementRefs>
  <joins />
  <SQL />
  <preProcedureRefs>
    <reference>4c26ce83-3685-45fd-b771-ddaf56b706c5</reference>
  </preProcedureRefs>
  <postProcedureRefs />
  <staticFilters xsi:nil="true" />
  <promptableFilters xsi:nil="true" />
  <namedParameterDefinitions />
</InformationLink>