<?xml version="1.0"?>
<InformationLink xmlns:xsd="http://www.w3.org/2001/XMLSchema" xmlns:xsi="http://www.w3.org/2001/XMLSchema-instance">
  <id>e1e65884-61e9-4195-b6f4-3737b50780a8</id>
  <name>OTC_v_IL_AR_Subledger_transaction_details_RR022_Transaction Line Level</name>
  <description>RR007 Transaction Line Level</description>
  <parentId>4d276c18-0d05-4019-8923-cfc7122ec7ce</parentId>
  <path>/EY_Master_release/MasterRelease_DEV/OTC_Standard/RR022 - Transaction sampling/Information Model/v_il_ar_rr007_subledger_transaction_details/IL folder/OTC_v_IL_AR_Subledger_transaction_details_RR022_Transaction Line Level/OTC_v_IL_AR_Subledger_transaction_details_RR022_Transaction Line Level</path>
  <properties>
    <property>
      <key>InformationLinkReference</key>
      <value>e1e65884-61e9-4195-b6f4-3737b50780a8</value>
    </property>
  </properties>
  <parameterReferences />
  <elementRefs>
    <reference>
      <elementId>1eb26865-079b-4b35-b464-b614f32d15eb</elementId>
      <hidden>false</hidden>
      <promptGroup>0</promptGroup>
      <properties>
        <property>
          <key>Spotfire.Group</key>
          <value>0</value>
        </property>
      </properties>
    </reference>
    <reference>
      <elementId>790c2be9-f962-407a-9d55-e246a6dbdec3</elementId>
      <hidden>false</hidden>
      <promptGroup>0</promptGroup>
      <properties>
        <property>
          <key>Spotfire.Group</key>
          <value>0</value>
        </property>
      </properties>
    </reference>
    <reference>
      <elementId>a3ecb130-2d4d-425d-a4f3-964ce8aebfff</elementId>
      <hidden>false</hidden>
      <promptGroup>0</promptGroup>
      <properties>
        <property>
          <key>Spotfire.Group</key>
          <value>0</value>
        </property>
      </properties>
    </reference>
    <reference>
      <elementId>37c44103-5a46-4b4d-9a15-9f739d1bfe98</elementId>
      <hidden>false</hidden>
      <promptGroup>0</promptGroup>
      <properties>
        <property>
          <key>Spotfire.Group</key>
          <value>0</value>
        </property>
      </properties>
    </reference>
    <reference>
      <elementId>7e443861-0f8f-49ea-9247-a1ee2fd1bdca</elementId>
      <hidden>false</hidden>
      <promptGroup>0</promptGroup>
      <properties>
        <property>
          <key>Spotfire.Group</key>
          <value>0</value>
        </property>
      </properties>
    </reference>
    <reference>
      <elementId>5f7415f4-530a-4b26-8d85-33109c23beb7</elementId>
      <hidden>false</hidden>
      <promptGroup>0</promptGroup>
      <properties>
        <property>
          <key>Spotfire.Group</key>
          <value>0</value>
        </property>
      </properties>
    </reference>
    <reference>
      <elementId>ab91ab89-01fd-4c2c-a6df-915e9b76131e</elementId>
      <hidden>false</hidden>
      <promptGroup>0</promptGroup>
      <properties>
        <property>
          <key>Spotfire.Group</key>
          <value>0</value>
        </property>
      </properties>
    </reference>
    <reference>
      <elementId>aa4eb92f-430a-4029-945f-d8db91b73891</elementId>
      <hidden>false</hidden>
      <promptGroup>0</promptGroup>
      <properties>
        <property>
          <key>Spotfire.Group</key>
          <value>0</value>
        </property>
      </properties>
    </reference>
    <reference>
      <elementId>8084929a-f212-4c11-9ec1-83b61a58f4e6</elementId>
      <hidden>false</hidden>
      <promptGroup>0</promptGroup>
      <properties>
        <property>
          <key>Spotfire.Group</key>
          <value>0</value>
        </property>
      </properties>
    </reference>
    <reference>
      <elementId>2ef07195-3e43-4847-a31f-fd3139b6f2b3</elementId>
      <hidden>false</hidden>
      <promptGroup>0</promptGroup>
      <properties>
        <property>
          <key>Spotfire.Group</key>
          <value>0</value>
        </property>
      </properties>
    </reference>
    <reference>
      <elementId>d38b52ef-9eef-44b5-82c8-be4c2ee5fa32</elementId>
      <hidden>false</hidden>
      <promptGroup>0</promptGroup>
      <properties>
        <property>
          <key>Spotfire.Group</key>
          <value>0</value>
        </property>
      </properties>
    </reference>
    <reference>
      <elementId>4418bb58-bb29-41b0-b0da-cc0f172f3746</elementId>
      <hidden>false</hidden>
      <promptGroup>0</promptGroup>
      <properties>
        <property>
          <key>Spotfire.Group</key>
          <value>0</value>
        </property>
      </properties>
    </reference>
    <reference>
      <elementId>0189d41b-2378-4fa5-8257-2060f774dc99</elementId>
      <hidden>false</hidden>
      <promptGroup>0</promptGroup>
      <properties>
        <property>
          <key>Spotfire.Group</key>
          <value>0</value>
        </property>
      </properties>
    </reference>
    <reference>
      <elementId>4768f4e0-6142-4d89-866e-ef552df86547</elementId>
      <hidden>false</hidden>
      <promptGroup>0</promptGroup>
      <properties>
        <property>
          <key>Spotfire.Group</key>
          <value>0</value>
        </property>
      </properties>
    </reference>
    <reference>
      <elementId>90cd8168-4cd1-4c16-ad07-9dc415c4aa75</elementId>
      <hidden>false</hidden>
      <promptGroup>0</promptGroup>
      <properties>
        <property>
          <key>Spotfire.Group</key>
          <value>0</value>
        </property>
      </properties>
    </reference>
    <reference>
      <elementId>07b36353-8148-4539-8a72-24fbfd846244</elementId>
      <hidden>false</hidden>
      <promptGroup>0</promptGroup>
      <properties>
        <property>
          <key>Spotfire.Group</key>
          <value>0</value>
        </property>
      </properties>
    </reference>
    <reference>
      <elementId>0289d5b3-f220-43e4-b85b-d1900cdbc5eb</elementId>
      <hidden>false</hidden>
      <promptGroup>0</promptGroup>
      <properties>
        <property>
          <key>Spotfire.Group</key>
          <value>0</value>
        </property>
      </properties>
    </reference>
    <reference>
      <elementId>bf0981bf-45cc-49ba-99fc-1acc895947f0</elementId>
      <hidden>false</hidden>
      <promptGroup>0</promptGroup>
      <properties>
        <property>
          <key>Spotfire.Group</key>
          <value>0</value>
        </property>
      </properties>
    </reference>
    <reference>
      <elementId>bce56d26-47e4-4de8-9fa4-83ada62303db</elementId>
      <hidden>false</hidden>
      <promptGroup>0</promptGroup>
      <properties>
        <property>
          <key>Spotfire.Group</key>
          <value>0</value>
        </property>
      </properties>
    </reference>
    <reference>
      <elementId>9be2bcce-23f9-4a38-85ab-e133386afa25</elementId>
      <hidden>false</hidden>
      <promptGroup>0</promptGroup>
      <properties>
        <property>
          <key>Spotfire.Group</key>
          <value>0</value>
        </property>
      </properties>
    </reference>
  </elementRefs>
  <joins />
  <SQL>
    <entry>
      <dataSourceId>98817af7-cd7c-4849-a139-7ade8bb03cee</dataSourceId>
      <modifiedQuery>SELECT
   v1.`business unit` AS `BUSINESSUNIT`,
   v1.`business unit group` AS `BUSINESSUNITGROUP`,
   v1.`functional amount` AS `FUNCTIONALAMOUNT`,
   v1.`functional currency` AS `FUNCTIONALCURRENCY`,
   v1.`line number` AS `LINENUMBER`,
   v1.`preparer` AS `PREPARER`,
   v1.`product description` AS `PRODUCTDESCRIPTION`,
   v1.`product group` AS `PRODUCTGROUP`,
   v1.`product type` AS `PRODUCTTYPE`,
   v1.`sales invoice code` AS `SALESINVOICECODE`,
   v1.`sales invoice line price` AS `SALESINVOICELINEPRICE`,
   v1.`sales order line` AS `SALESORDERLINE`,
   v1.`sales order ref` AS `SALESORDERREF`,
   v1.`transaction clearing` AS `TRANSACTIONCLEARING`,
   v1.`transaction entry date` AS `TRANSACTIONENTRYDATE`,
   v1.`transaction fiscal period` AS `TRANSACTIONFISCALPERIOD`,
   v1.`transaction number` AS `TRANSACTIONNUMBER`,
   v1.`transaction type` AS `TRANSACTIONTYPE`,
   v1.`transaction type group` AS `TRANSACTIONTYPEGROUP`,
   v1.`reporting currency` AS `REPORTINGCURRENCY`
FROM
   
--dbname
`v_il_ar_rr007_subledger_transaction_details` v1
WHERE
   &lt;conditions&gt;
</modifiedQuery>
      <modifiedPreCommands />
      <modifiedPostCommands />
      <generatedPreCommands xsi:nil="true" />
      <generatedPostCommands xsi:nil="true" />
    </entry>
  </SQL>
  <preProcedureRefs />
  <postProcedureRefs />
  <staticFilters xsi:nil="true" />
  <promptableFilters xsi:nil="true" />
  <namedParameterDefinitions />
</InformationLink>