<?xml version="1.0"?>
<InformationLink xmlns:xsd="http://www.w3.org/2001/XMLSchema" xmlns:xsi="http://www.w3.org/2001/XMLSchema-instance">
  <id>5c329341-9440-4e68-b9c7-d873d5b5003e</id>
  <name>PT_InfoLink2</name>
  <parentId>2c45903b-72af-4a31-9af9-8da1b912174c</parentId>
  <path>/DEV_PeterT_Collector/A_PT_InfoLinkFolder1/PT_InfoLink2</path>
  <properties>
    <property>
      <key>Import.Result</key>
      <value>ReferencesNotFound</value>
    </property>
    <property>
      <key>InformationLinkReference</key>
      <value>5c329341-9440-4e68-b9c7-d873d5b5003e</value>
    </property>
  </properties>
  <parameterReferences />
  <elementRefs>
    <reference>
      <elementId>ab0b4438-435a-40ae-b0c3-a953d0627c38</elementId>
      <hidden>false</hidden>
      <promptGroup>0</promptGroup>
      <properties xsi:nil="true" />
    </reference>
  </elementRefs>
  <joins />
  <SQL />
  <preProcedureRefs />
  <postProcedureRefs />
  <staticFilters xsi:nil="true" />
  <promptableFilters xsi:nil="true" />
  <namedParameterDefinitions />
</InformationLink>