<?xml version="1.0"?>
<InformationLink xmlns:xsd="http://www.w3.org/2001/XMLSchema" xmlns:xsi="http://www.w3.org/2001/XMLSchema-instance">
  <id>46372cb5-7307-4bae-bd11-410a67385ff1</id>
  <name>Information linkAB</name>
  <parentId>1daf0f4a-87de-4480-b9b1-d5ac60fc4e8c</parentId>
  <path>/QA_Maryna/IL/Information linkAB</path>
  <properties>
    <property>
      <key>InformationLinkReference</key>
      <value>46372cb5-7307-4bae-bd11-410a67385ff1</value>
    </property>
  </properties>
  <parameterReferences />
  <elementRefs>
    <reference>
      <elementId>0f6a226d-794f-4849-b5f1-ecc601536ba9</elementId>
      <hidden>false</hidden>
      <promptGroup>0</promptGroup>
      <properties>
        <property>
          <key>Spotfire.Group</key>
          <value>0</value>
        </property>
      </properties>
    </reference>
    <reference>
      <elementId>5f293295-b0fa-48ad-a299-2b3e38d9392c</elementId>
      <hidden>false</hidden>
      <promptGroup>0</promptGroup>
      <properties>
        <property>
          <key>Spotfire.Group</key>
          <value>0</value>
        </property>
      </properties>
    </reference>
  </elementRefs>
  <joins />
  <SQL />
  <preProcedureRefs />
  <postProcedureRefs />
  <staticFilters xsi:nil="true" />
  <promptableFilters xsi:nil="true" />
  <namedParameterDefinitions />
</InformationLink>