<?xml version="1.0"?>
<InformationLink xmlns:xsd="http://www.w3.org/2001/XMLSchema" xmlns:xsi="http://www.w3.org/2001/XMLSchema-instance">
  <id>524c282b-ffaf-44ed-9169-55175d022af0</id>
  <name>InformationLink1</name>
  <parentId>30e7bc07-d21a-40a3-9637-13cbdba818fd</parentId>
  <path>/DEV_PeterT_Collector/A1_InfoLink/InformationLink1</path>
  <properties>
    <property>
      <key>Import.Result</key>
      <value>ReferencesNotFound</value>
    </property>
    <property>
      <key>InformationLinkReference</key>
      <value>524c282b-ffaf-44ed-9169-55175d022af0</value>
    </property>
  </properties>
  <parameterReferences />
  <elementRefs>
    <reference>
      <elementId>4ebb7c0e-8303-410f-9a97-65d88628c0a2</elementId>
      <hidden>false</hidden>
      <promptGroup>0</promptGroup>
      <properties xsi:nil="true" />
    </reference>
  </elementRefs>
  <joins />
  <SQL />
  <preProcedureRefs />
  <postProcedureRefs />
  <staticFilters xsi:nil="true" />
  <promptableFilters xsi:nil="true" />
  <namedParameterDefinitions />
</InformationLink>