<?xml version="1.0"?>
<InformationLink xmlns:xsd="http://www.w3.org/2001/XMLSchema" xmlns:xsi="http://www.w3.org/2001/XMLSchema-instance">
  <id>2a0b4324-d74e-49c5-87b4-40bf9ad96ea6</id>
  <name>Information link</name>
  <parentId>6552f1e8-2260-47b3-8bd2-e1f4cfcecf1f</parentId>
  <path>/DEV_Raman/Information link</path>
  <properties>
    <property>
      <key>InformationLinkReference</key>
      <value>2a0b4324-d74e-49c5-87b4-40bf9ad96ea6</value>
    </property>
  </properties>
  <parameterReferences />
  <elementRefs>
    <reference>
      <elementId>0684252a-68e7-429f-88e2-d105a9a69166</elementId>
      <hidden>false</hidden>
      <promptGroup>0</promptGroup>
      <properties>
        <property>
          <key>Spotfire.Group</key>
          <value>0</value>
        </property>
      </properties>
    </reference>
  </elementRefs>
  <joins />
  <SQL />
  <preProcedureRefs />
  <postProcedureRefs />
  <staticFilters xsi:nil="true" />
  <promptableFilters xsi:nil="true" />
  <namedParameterDefinitions />
</InformationLink>