<?xml version="1.0"?>
<InformationLink xmlns:xsd="http://www.w3.org/2001/XMLSchema" xmlns:xsi="http://www.w3.org/2001/XMLSchema-instance">
  <id>9d559cb8-b820-4288-97a2-d5a4e3dcba13</id>
  <name>Information link</name>
  <description>trtat</description>
  <parentId>e47294e9-6bc3-416e-89c0-3a455189da61</parentId>
  <path>/QA_Anton/Information link</path>
  <properties>
    <property>
      <key>InformationLinkReference</key>
      <value>9d559cb8-b820-4288-97a2-d5a4e3dcba13</value>
    </property>
    <property>
      <key>Import.Result</key>
      <value>ReferencesNotFound</value>
    </property>
  </properties>
  <parameterReferences />
  <elementRefs>
    <reference>
      <elementId>7e685420-7056-4a27-96b5-d452d2f471bd</elementId>
      <hidden>false</hidden>
      <promptGroup>0</promptGroup>
      <properties xsi:nil="true" />
    </reference>
  </elementRefs>
  <joins />
  <SQL />
  <preProcedureRefs />
  <postProcedureRefs />
  <staticFilters xsi:nil="true" />
  <promptableFilters xsi:nil="true" />
  <namedParameterDefinitions />
</InformationLink>