<?xml version="1.0"?>
<InformationLink xmlns:xsd="http://www.w3.org/2001/XMLSchema" xmlns:xsi="http://www.w3.org/2001/XMLSchema-instance">
  <id>efa434fb-fb5d-4e3d-8af3-84f9ef0cc695</id>
  <name>IL 1</name>
  <description>C1, C2 CHANGED DESCRIPTION</description>
  <parentId>1497526d-e3f1-4f63-9c22-1b692f1e390e</parentId>
  <path>/IXLCGEN-5726/Folder 1/IL 1</path>
  <properties>
    <property>
      <key>new</key>
      <value>1</value>
    </property>
    <property>
      <key>InformationLinkReference</key>
      <value>efa434fb-fb5d-4e3d-8af3-84f9ef0cc695</value>
    </property>
  </properties>
  <parameterReferences />
  <elementRefs>
    <reference>
      <elementId>a57d18bd-9aa9-4717-899d-12588799cae6</elementId>
      <hidden>false</hidden>
      <promptGroup>0</promptGroup>
      <properties>
        <property>
          <key>Spotfire.Group</key>
          <value>0</value>
        </property>
      </properties>
    </reference>
    <reference>
      <elementId>be2888ed-4598-4941-a769-3e0c301665e4</elementId>
      <hidden>false</hidden>
      <promptGroup>0</promptGroup>
      <properties>
        <property>
          <key>Spotfire.Group</key>
          <value>0</value>
        </property>
      </properties>
    </reference>
  </elementRefs>
  <joins />
  <SQL />
  <preProcedureRefs />
  <postProcedureRefs />
  <staticFilters xsi:nil="true" />
  <promptableFilters xsi:nil="true" />
  <namedParameterDefinitions />
</InformationLink>