<?xml version="1.0"?>
<InformationLink xmlns:xsd="http://www.w3.org/2001/XMLSchema" xmlns:xsi="http://www.w3.org/2001/XMLSchema-instance">
  <id>ab77aef7-da23-414d-96b1-31bd020738c5</id>
  <name>OTC_V_Flat_Journal_Entry_Summary</name>
  <parentId>9ce870dd-d9f4-4e02-964b-de0864f005b6</parentId>
  <path>/EY_Master_release/MasterRelease_DEV/OTC_Standard/RR022 - Transaction sampling/Information Model/v_flat_journal_entry/IL folder/OTC_V_Flat_Journal_Entry_Summary/OTC_V_Flat_Journal_Entry_Summary</path>
  <properties>
    <property>
      <key>InformationLinkReference</key>
      <value>ab77aef7-da23-414d-96b1-31bd020738c5</value>
    </property>
  </properties>
  <parameterReferences />
  <elementRefs>
    <reference>
      <elementId>9fda3c4b-3d81-4267-a559-8852f6525792</elementId>
      <hidden>false</hidden>
      <promptGroup>0</promptGroup>
      <properties>
        <property>
          <key>Spotfire.Group</key>
          <value>0</value>
        </property>
      </properties>
    </reference>
    <reference>
      <elementId>8922709e-7e42-4d77-9f0c-e3efc01e4741</elementId>
      <hidden>false</hidden>
      <promptGroup>0</promptGroup>
      <properties>
        <property>
          <key>Spotfire.Group</key>
          <value>0</value>
        </property>
      </properties>
    </reference>
    <reference>
      <elementId>f597b17b-9f25-4908-ae67-b91b07b6e8b2</elementId>
      <hidden>false</hidden>
      <promptGroup>0</promptGroup>
      <properties>
        <property>
          <key>Spotfire.Group</key>
          <value>0</value>
        </property>
      </properties>
    </reference>
    <reference>
      <elementId>b812eab2-a7cd-4699-9b8e-696f7b426e00</elementId>
      <hidden>false</hidden>
      <promptGroup>0</promptGroup>
      <properties>
        <property>
          <key>Spotfire.Group</key>
          <value>0</value>
        </property>
      </properties>
    </reference>
    <reference>
      <elementId>077711d5-e269-4fbd-a214-bd960b56d576</elementId>
      <hidden>false</hidden>
      <promptGroup>0</promptGroup>
      <properties>
        <property>
          <key>Spotfire.Group</key>
          <value>0</value>
        </property>
      </properties>
    </reference>
    <reference>
      <elementId>3a8efefa-df37-4e84-82c0-e72da5b8e524</elementId>
      <hidden>false</hidden>
      <promptGroup>0</promptGroup>
      <properties>
        <property>
          <key>Spotfire.Group</key>
          <value>0</value>
        </property>
      </properties>
    </reference>
    <reference>
      <elementId>37765be8-972f-4c3c-99c9-c8de18186bea</elementId>
      <hidden>false</hidden>
      <promptGroup>0</promptGroup>
      <properties>
        <property>
          <key>Spotfire.Group</key>
          <value>0</value>
        </property>
      </properties>
    </reference>
    <reference>
      <elementId>d24b966e-a81f-41a1-bfbf-d825b9c0940a</elementId>
      <hidden>false</hidden>
      <promptGroup>0</promptGroup>
      <properties>
        <property>
          <key>Spotfire.Group</key>
          <value>0</value>
        </property>
      </properties>
    </reference>
    <reference>
      <elementId>bb05f57f-3aa8-41f7-ba1e-098aee8594ff</elementId>
      <hidden>false</hidden>
      <promptGroup>0</promptGroup>
      <properties>
        <property>
          <key>Spotfire.Group</key>
          <value>0</value>
        </property>
      </properties>
    </reference>
    <reference>
      <elementId>dd580833-ea3f-472d-a03a-aa67620e5173</elementId>
      <hidden>false</hidden>
      <promptGroup>0</promptGroup>
      <properties>
        <property>
          <key>Spotfire.Group</key>
          <value>0</value>
        </property>
      </properties>
    </reference>
    <reference>
      <elementId>b4b6d462-142d-4c86-9689-9857468d4b5c</elementId>
      <hidden>false</hidden>
      <promptGroup>0</promptGroup>
      <properties>
        <property>
          <key>Spotfire.Group</key>
          <value>0</value>
        </property>
      </properties>
    </reference>
    <reference>
      <elementId>edcf132f-cdc6-485b-b810-9287d7ea25a3</elementId>
      <hidden>false</hidden>
      <promptGroup>0</promptGroup>
      <properties>
        <property>
          <key>Spotfire.Group</key>
          <value>0</value>
        </property>
      </properties>
    </reference>
    <reference>
      <elementId>c27e71f1-fee4-43b2-bc85-95ea6d0d6fc1</elementId>
      <hidden>false</hidden>
      <promptGroup>0</promptGroup>
      <properties>
        <property>
          <key>Spotfire.Group</key>
          <value>0</value>
        </property>
      </properties>
    </reference>
    <reference>
      <elementId>4888c840-4e7d-4786-8ffd-f6257dd6f605</elementId>
      <hidden>false</hidden>
      <promptGroup>0</promptGroup>
      <properties>
        <property>
          <key>Spotfire.Group</key>
          <value>0</value>
        </property>
      </properties>
    </reference>
    <reference>
      <elementId>9c56c36d-9589-460a-a4ec-ae826de30dad</elementId>
      <hidden>false</hidden>
      <promptGroup>0</promptGroup>
      <properties>
        <property>
          <key>Spotfire.Group</key>
          <value>0</value>
        </property>
      </properties>
    </reference>
    <reference>
      <elementId>8dfc5c3f-6d7f-4ef2-ada6-b4639eeeac56</elementId>
      <hidden>false</hidden>
      <promptGroup>0</promptGroup>
      <properties>
        <property>
          <key>Spotfire.Group</key>
          <value>0</value>
        </property>
      </properties>
    </reference>
    <reference>
      <elementId>6f64926c-d658-48c3-ba6e-ace8ebebccb1</elementId>
      <hidden>false</hidden>
      <promptGroup>0</promptGroup>
      <properties>
        <property>
          <key>Spotfire.Group</key>
          <value>0</value>
        </property>
      </properties>
    </reference>
    <reference>
      <elementId>2ff547dc-8738-4f4e-b109-20d0c9854552</elementId>
      <hidden>false</hidden>
      <promptGroup>0</promptGroup>
      <properties>
        <property>
          <key>Spotfire.Group</key>
          <value>0</value>
        </property>
      </properties>
    </reference>
    <reference>
      <elementId>f7a3dd51-e8b0-482e-bcf9-1dfc72482fc6</elementId>
      <hidden>false</hidden>
      <promptGroup>0</promptGroup>
      <properties>
        <property>
          <key>Spotfire.Group</key>
          <value>0</value>
        </property>
      </properties>
    </reference>
    <reference>
      <elementId>d4e104de-a795-4bab-9f40-b9d7c846f055</elementId>
      <hidden>false</hidden>
      <promptGroup>0</promptGroup>
      <properties>
        <property>
          <key>Spotfire.Group</key>
          <value>0</value>
        </property>
      </properties>
    </reference>
    <reference>
      <elementId>a6f88885-3473-4265-8a39-4f794be4f2c9</elementId>
      <hidden>false</hidden>
      <promptGroup>0</promptGroup>
      <properties>
        <property>
          <key>Spotfire.Group</key>
          <value>0</value>
        </property>
      </properties>
    </reference>
    <reference>
      <elementId>59f99d3a-f211-4561-9d25-b212b754f1d7</elementId>
      <hidden>false</hidden>
      <promptGroup>0</promptGroup>
      <properties>
        <property>
          <key>Spotfire.Group</key>
          <value>0</value>
        </property>
      </properties>
    </reference>
    <reference>
      <elementId>e7759e2b-0379-49aa-8bae-a463cbc827ad</elementId>
      <hidden>false</hidden>
      <promptGroup>0</promptGroup>
      <properties>
        <property>
          <key>Spotfire.Group</key>
          <value>0</value>
        </property>
      </properties>
    </reference>
    <reference>
      <elementId>2488344e-774e-4213-a015-b3d7fe189f4e</elementId>
      <hidden>false</hidden>
      <promptGroup>0</promptGroup>
      <properties>
        <property>
          <key>Spotfire.Group</key>
          <value>0</value>
        </property>
      </properties>
    </reference>
    <reference>
      <elementId>c0f79f29-e1be-4dc2-a92d-de4cf20f39e1</elementId>
      <hidden>false</hidden>
      <promptGroup>0</promptGroup>
      <properties>
        <property>
          <key>Spotfire.Group</key>
          <value>0</value>
        </property>
      </properties>
    </reference>
    <reference>
      <elementId>1106ef23-a661-4e85-8821-f55c36a1cfe7</elementId>
      <hidden>false</hidden>
      <promptGroup>0</promptGroup>
      <properties>
        <property>
          <key>Spotfire.Group</key>
          <value>0</value>
        </property>
      </properties>
    </reference>
    <reference>
      <elementId>d67b53a6-1b99-4267-9f38-5b0fddba1afa</elementId>
      <hidden>false</hidden>
      <promptGroup>0</promptGroup>
      <properties>
        <property>
          <key>Spotfire.Group</key>
          <value>0</value>
        </property>
      </properties>
    </reference>
    <reference>
      <elementId>fb248152-ac98-4789-847a-d8cceb6a73c2</elementId>
      <hidden>false</hidden>
      <promptGroup>0</promptGroup>
      <properties>
        <property>
          <key>Spotfire.Group</key>
          <value>0</value>
        </property>
      </properties>
    </reference>
    <reference>
      <elementId>d6f6870a-906a-457a-a541-c77406604188</elementId>
      <hidden>false</hidden>
      <promptGroup>0</promptGroup>
      <properties>
        <property>
          <key>Spotfire.Group</key>
          <value>0</value>
        </property>
      </properties>
    </reference>
    <reference>
      <elementId>1b9e0be2-24f9-453a-8ea0-9db74b46adf0</elementId>
      <hidden>false</hidden>
      <promptGroup>0</promptGroup>
      <properties>
        <property>
          <key>Spotfire.Group</key>
          <value>0</value>
        </property>
      </properties>
    </reference>
    <reference>
      <elementId>92178175-609d-4c1e-a1b5-515ea4be790e</elementId>
      <hidden>false</hidden>
      <promptGroup>0</promptGroup>
      <properties>
        <property>
          <key>Spotfire.Group</key>
          <value>0</value>
        </property>
      </properties>
    </reference>
    <reference>
      <elementId>0c9d0f62-7d5e-4930-8496-6a5c1d9587ef</elementId>
      <hidden>false</hidden>
      <promptGroup>0</promptGroup>
      <properties>
        <property>
          <key>Spotfire.Group</key>
          <value>0</value>
        </property>
      </properties>
    </reference>
    <reference>
      <elementId>c8596481-9ea7-453f-8898-283bddfa2027</elementId>
      <hidden>false</hidden>
      <promptGroup>0</promptGroup>
      <properties>
        <property>
          <key>Spotfire.Group</key>
          <value>0</value>
        </property>
      </properties>
    </reference>
    <reference>
      <elementId>8ea69d83-e431-46aa-9df9-9d2e3ce655cc</elementId>
      <hidden>false</hidden>
      <promptGroup>0</promptGroup>
      <properties>
        <property>
          <key>Spotfire.Group</key>
          <value>0</value>
        </property>
      </properties>
    </reference>
    <reference>
      <elementId>b03ca55c-112b-4174-9b25-1cc826e6ec40</elementId>
      <hidden>false</hidden>
      <promptGroup>0</promptGroup>
      <properties>
        <property>
          <key>Spotfire.Group</key>
          <value>0</value>
        </property>
      </properties>
    </reference>
    <reference>
      <elementId>dbc9808d-aa4f-4ca8-984a-22dde99f3542</elementId>
      <hidden>false</hidden>
      <promptGroup>0</promptGroup>
      <properties>
        <property>
          <key>Spotfire.Group</key>
          <value>0</value>
        </property>
      </properties>
    </reference>
    <reference>
      <elementId>35dc6b96-98b3-4664-ad61-1f6cef7301d5</elementId>
      <hidden>false</hidden>
      <promptGroup>0</promptGroup>
      <properties>
        <property>
          <key>Spotfire.Group</key>
          <value>0</value>
        </property>
      </properties>
    </reference>
    <reference>
      <elementId>ec3a5a1f-bfac-4210-9671-0d4cfb5614a2</elementId>
      <hidden>false</hidden>
      <promptGroup>0</promptGroup>
      <properties>
        <property>
          <key>Spotfire.Group</key>
          <value>0</value>
        </property>
      </properties>
    </reference>
    <reference>
      <elementId>3d55fd78-8bd2-4c04-b1fa-a1afbe3bf55f</elementId>
      <hidden>false</hidden>
      <promptGroup>0</promptGroup>
      <properties>
        <property>
          <key>Spotfire.Group</key>
          <value>0</value>
        </property>
      </properties>
    </reference>
    <reference>
      <elementId>1a889f6f-279a-4d67-aaca-5d0d40bbf127</elementId>
      <hidden>false</hidden>
      <promptGroup>0</promptGroup>
      <properties>
        <property>
          <key>Spotfire.Group</key>
          <value>0</value>
        </property>
      </properties>
    </reference>
    <reference>
      <elementId>2eb392fb-ee41-4a7d-b583-42f537e5b675</elementId>
      <hidden>false</hidden>
      <promptGroup>0</promptGroup>
      <properties>
        <property>
          <key>Spotfire.Group</key>
          <value>0</value>
        </property>
      </properties>
    </reference>
    <reference>
      <elementId>307fcaf8-6488-48b4-9f22-3ff693002b46</elementId>
      <hidden>false</hidden>
      <promptGroup>0</promptGroup>
      <properties>
        <property>
          <key>Spotfire.Group</key>
          <value>0</value>
        </property>
      </properties>
    </reference>
    <reference>
      <elementId>1f4c6a2d-b55a-4c35-912f-8043c73318bf</elementId>
      <hidden>false</hidden>
      <promptGroup>0</promptGroup>
      <properties>
        <property>
          <key>Spotfire.Group</key>
          <value>0</value>
        </property>
      </properties>
    </reference>
  </elementRefs>
  <joins />
  <SQL>
    <entry>
      <dataSourceId>98817af7-cd7c-4849-a139-7ade8bb03cee</dataSourceId>
      <modifiedQuery>SELECT
   v1.`account class` AS `ACCOUNTCLASS`,
   v1.`account sub-class` AS `ACCOUNTSUBCLASS`,
   v1.`account sub-type` AS `ACCOUNTSUBTYPE`,
   v1.`account type` AS `ACCOUNTTYPE`,
   v1.`accounting period` AS `ACCOUNTINGPERIOD`,
   v1.`accounting sub period` AS `ACCOUNTINGSUBPERIOD`,
   v1.`approver` AS `APPROVER`,
   v1.`approver department` AS `APPROVERDEPARTMENT`,
   v1.`business unit` AS `BUSINESSUNIT`,
   v1.`business unit group` AS `BUSINESSUNITGROUP`,
   v1.`effective date` AS `EFFECTIVEDATE`,
   v1.`entry date` AS `ENTRYDATE`,
   v1.`fiscal period` AS `FISCALPERIOD`,
   v1.`functional amount` AS `FUNCTIONALAMOUNT`,
   v1.`functional currency` AS `FUNCTIONALCURRENCY`,
   v1.`functional journal impact to assets` AS `FUNCTIONALJOURNALIMPACTTOASS`,
   v1.`functional journal impact to liabilities` AS `FUNCTIONALJOURNALIMPACTTOLIA`,
   v1.`functional journal impact to equity` AS `FUNCTIONALJOURNALIMPACTTOEQU`,
   v1.`functional journal impact to revenue` AS `FUNCTIONALJOURNALIMPACTTOREV`,
   v1.`functional journal impact to expenses` AS `FUNCTIONALJOURNALIMPACTTOEXP`,
   v1.`gl account` AS `GLACCOUNT`,
   v1.`journal entry id` AS `JOURNALENTRYID`,
   v1.`journal entry line id` AS `JOURNALENTRYLINEID`,
   v1.`journal type` AS `JOURNALTYPE`,
   v1.`row_id` AS `ROWID`,
   v1.`number pattern` AS `NUMBERPATTERN`,
   v1.`preparer` AS `PREPARER`,
   v1.`preparer department` AS `PREPARERDEPARTMENT`,
   v1.`reporting amount` AS `REPORTINGAMOUNT`,
   v1.`reporting currency` AS `REPORTINGCURRENCY`,
   v1.`reporting journal impact to assets` AS `REPORTINGJOURNALIMPACTTOASSE`,
   v1.`reporting journal impact to liabilities` AS `REPORTINGJOURNALIMPACTTOLIAB`,
   v1.`reporting journal impact to equity` AS `REPORTINGJOURNALIMPACTTOEQUI`,
   v1.`reporting journal impact to revenue` AS `REPORTINGJOURNALIMPACTTOREVE`,
   v1.`reporting journal impact to expenses` AS `REPORTINGJOURNALIMPACTTOEXPE`,
   v1.`segment 1` AS `SEGMENT1`,
   v1.`segment 1 group` AS `SEGMENT1GROUP`,
   v1.`segment 2` AS `SEGMENT2`,
   v1.`segment 2 group` AS `SEGMENT2GROUP`,
   v1.`source` AS `SOURCE`,
   v1.`source group` AS `SOURCEGROUP`,
   v1.`flat_je_02_key` AS `RRFLATJE02KEY`,
   v1.`rr013_08_key` AS `RR01308KEY`
FROM

   --dbname
`v_flat_journal_entry` v1
WHERE
   &lt;conditions&gt;</modifiedQuery>
      <modifiedPreCommands />
      <modifiedPostCommands />
      <generatedPreCommands xsi:nil="true" />
      <generatedPostCommands xsi:nil="true" />
    </entry>
  </SQL>
  <preProcedureRefs />
  <postProcedureRefs />
  <staticFilters xsi:nil="true" />
  <promptableFilters xsi:nil="true" />
  <namedParameterDefinitions />
</InformationLink>