<?xml version="1.0"?>
<InformationLink xmlns:xsd="http://www.w3.org/2001/XMLSchema" xmlns:xsi="http://www.w3.org/2001/XMLSchema-instance">
  <id>ebf28ec3-9631-465d-a7c2-de094d471778</id>
  <name>Information Link3</name>
  <parentId>b2dbfbbf-3d93-406d-a2d0-d0d637ddda87</parentId>
  <path>/z_BIVC_dependency_search/Folder15/Information Link3</path>
  <properties>
    <property>
      <key>Import.Result</key>
      <value>ReferencesNotFound</value>
    </property>
    <property>
      <key>InformationLinkReference</key>
      <value>ebf28ec3-9631-465d-a7c2-de094d471778</value>
    </property>
  </properties>
  <parameterReferences />
  <elementRefs>
    <reference>
      <elementId>27a452a0-ca17-452f-ad74-88281e431ed1</elementId>
      <hidden>false</hidden>
      <promptGroup>0</promptGroup>
      <properties>
        <property>
          <key>Spotfire.Group</key>
          <value>0</value>
        </property>
      </properties>
    </reference>
    <reference>
      <elementId>b37ef4f4-2d6b-480b-9440-b4462421d5e9</elementId>
      <hidden>false</hidden>
      <promptGroup>0</promptGroup>
      <properties xsi:nil="true" />
    </reference>
  </elementRefs>
  <joins>
    <join>3be6272f-a890-4bbf-84dc-6e288e2dd99a</join>
  </joins>
  <SQL />
  <preProcedureRefs>
    <reference>ba85b624-29d5-4726-9382-56ee81515ba0</reference>
  </preProcedureRefs>
  <postProcedureRefs>
    <reference>a54af06e-2a9f-4aa0-8a60-0a9276bdf535</reference>
    <reference>297d2b48-701e-43dc-afd7-e6e93c3b48e1</reference>
  </postProcedureRefs>
  <staticFilters xsi:nil="true" />
  <promptableFilters xsi:nil="true" />
  <namedParameterDefinitions />
</InformationLink>