<?xml version="1.0"?>
<InformationLink xmlns:xsd="http://www.w3.org/2001/XMLSchema" xmlns:xsi="http://www.w3.org/2001/XMLSchema-instance">
  <id>6f6fbf1d-5a28-4821-ba29-e6846a792a6e</id>
  <name>WrongDataSourcePassword_Information link</name>
  <description>WrongDataSourcePassword</description>
  <parentId>6b67ec30-712e-11dd-7434-00100a64217d</parentId>
  <path>/WrongDataSourcePassword_Information link</path>
  <properties>
    <property>
      <key>Import.Result</key>
      <value>ReferencesNotFound</value>
    </property>
    <property>
      <key>InformationLinkReference</key>
      <value>6f6fbf1d-5a28-4821-ba29-e6846a792a6e</value>
    </property>
  </properties>
  <parameterReferences />
  <elementRefs>
    <reference>
      <elementId>1ce7f16f-d27e-424d-a68f-9e333ad5835f</elementId>
      <hidden>false</hidden>
      <promptGroup>0</promptGroup>
      <properties xsi:nil="true" />
    </reference>
    <reference>
      <elementId>7d19f74b-0754-4da5-af9a-fe372221e7af</elementId>
      <hidden>false</hidden>
      <promptGroup>0</promptGroup>
      <properties xsi:nil="true" />
    </reference>
    <reference>
      <elementId>83a94fa2-b1a8-479d-9501-b018ab5dd370</elementId>
      <hidden>false</hidden>
      <promptGroup>0</promptGroup>
      <properties xsi:nil="true" />
    </reference>
    <reference>
      <elementId>9c813c4d-de75-4616-90cc-a8dc6317ca4a</elementId>
      <hidden>false</hidden>
      <promptGroup>0</promptGroup>
      <properties xsi:nil="true" />
    </reference>
    <reference>
      <elementId>f63b0cec-b93b-48ec-b350-0af05564bdb7</elementId>
      <hidden>false</hidden>
      <promptGroup>0</promptGroup>
      <properties xsi:nil="true" />
    </reference>
    <reference>
      <elementId>49a61eb5-901c-4492-9a19-46dbc953889e</elementId>
      <hidden>false</hidden>
      <promptGroup>0</promptGroup>
      <properties xsi:nil="true" />
    </reference>
    <reference>
      <elementId>85d21ab0-db7c-4c2b-9101-550edf203a79</elementId>
      <hidden>false</hidden>
      <promptGroup>0</promptGroup>
      <properties xsi:nil="true" />
    </reference>
    <reference>
      <elementId>c1bf8fe8-9c91-4052-8a53-05842f961890</elementId>
      <hidden>false</hidden>
      <promptGroup>0</promptGroup>
      <properties xsi:nil="true" />
    </reference>
  </elementRefs>
  <joins />
  <SQL />
  <preProcedureRefs />
  <postProcedureRefs />
  <staticFilters xsi:nil="true" />
  <promptableFilters xsi:nil="true" />
  <namedParameterDefinitions />
</InformationLink>