<?xml version="1.0"?>
<InformationLink xmlns:xsd="http://www.w3.org/2001/XMLSchema" xmlns:xsi="http://www.w3.org/2001/XMLSchema-instance">
  <id>8509e2b8-c846-46be-81c9-337cda25b346</id>
  <name>OTC_v_IL_AR_Subledger_transaction_details_RR022_Goods Receipt Line Level</name>
  <description>RR007 Goods Receipt Line Level</description>
  <parentId>14e07e2e-bfc3-4aa4-897d-f099e2711685</parentId>
  <path>/EY_Master_release/MasterRelease_DEV/OTC_Standard/RR022 - Transaction sampling/Information Model/v_il_ar_rr007_subledger_transaction_details/IL folder/OTC_v_IL_AR_Subledger_transaction_details_RR022_Goods Receipt Line Level/OTC_v_IL_AR_Subledger_transaction_details_RR022_Goods Receipt Line Level</path>
  <properties>
    <property>
      <key>InformationLinkReference</key>
      <value>8509e2b8-c846-46be-81c9-337cda25b346</value>
    </property>
  </properties>
  <parameterReferences />
  <elementRefs>
    <reference>
      <elementId>1eb26865-079b-4b35-b464-b614f32d15eb</elementId>
      <hidden>false</hidden>
      <promptGroup>0</promptGroup>
      <properties>
        <property>
          <key>Spotfire.Group</key>
          <value>0</value>
        </property>
      </properties>
    </reference>
    <reference>
      <elementId>790c2be9-f962-407a-9d55-e246a6dbdec3</elementId>
      <hidden>false</hidden>
      <promptGroup>0</promptGroup>
      <properties>
        <property>
          <key>Spotfire.Group</key>
          <value>0</value>
        </property>
      </properties>
    </reference>
    <reference>
      <elementId>3e39850f-b5ea-4301-81d4-25bb87cf24af</elementId>
      <hidden>false</hidden>
      <promptGroup>0</promptGroup>
      <properties>
        <property>
          <key>Spotfire.Group</key>
          <value>0</value>
        </property>
      </properties>
    </reference>
    <reference>
      <elementId>825dc2a8-944f-4fd6-8b73-6d67b814f742</elementId>
      <hidden>false</hidden>
      <promptGroup>0</promptGroup>
      <properties>
        <property>
          <key>Spotfire.Group</key>
          <value>0</value>
        </property>
      </properties>
    </reference>
    <reference>
      <elementId>83d8fab1-3ba4-4da4-a356-a49ee660147b</elementId>
      <hidden>false</hidden>
      <promptGroup>0</promptGroup>
      <properties>
        <property>
          <key>Spotfire.Group</key>
          <value>0</value>
        </property>
      </properties>
    </reference>
    <reference>
      <elementId>a9ed27b5-e51b-4f57-9c52-279d48b4ee79</elementId>
      <hidden>false</hidden>
      <promptGroup>0</promptGroup>
      <properties>
        <property>
          <key>Spotfire.Group</key>
          <value>0</value>
        </property>
      </properties>
    </reference>
    <reference>
      <elementId>8ea4c0df-7e8e-43bd-b414-8bc490e73b45</elementId>
      <hidden>false</hidden>
      <promptGroup>0</promptGroup>
      <properties>
        <property>
          <key>Spotfire.Group</key>
          <value>0</value>
        </property>
      </properties>
    </reference>
    <reference>
      <elementId>d1524e3d-ae88-427f-839a-0ccacc2bacba</elementId>
      <hidden>false</hidden>
      <promptGroup>0</promptGroup>
      <properties>
        <property>
          <key>Spotfire.Group</key>
          <value>0</value>
        </property>
      </properties>
    </reference>
    <reference>
      <elementId>43c21261-0b52-4bc4-b920-80d6c7c66ebf</elementId>
      <hidden>false</hidden>
      <promptGroup>0</promptGroup>
      <properties>
        <property>
          <key>Spotfire.Group</key>
          <value>0</value>
        </property>
      </properties>
    </reference>
    <reference>
      <elementId>a3ecb130-2d4d-425d-a4f3-964ce8aebfff</elementId>
      <hidden>false</hidden>
      <promptGroup>0</promptGroup>
      <properties>
        <property>
          <key>Spotfire.Group</key>
          <value>0</value>
        </property>
      </properties>
    </reference>
    <reference>
      <elementId>37c44103-5a46-4b4d-9a15-9f739d1bfe98</elementId>
      <hidden>false</hidden>
      <promptGroup>0</promptGroup>
      <properties>
        <property>
          <key>Spotfire.Group</key>
          <value>0</value>
        </property>
      </properties>
    </reference>
    <reference>
      <elementId>6778c657-c429-42fd-8f58-4c4fcd7c63d3</elementId>
      <hidden>false</hidden>
      <promptGroup>0</promptGroup>
      <properties>
        <property>
          <key>Spotfire.Group</key>
          <value>0</value>
        </property>
      </properties>
    </reference>
    <reference>
      <elementId>33727c2b-8acd-4dc0-ac60-d8426177c4c8</elementId>
      <hidden>false</hidden>
      <promptGroup>0</promptGroup>
      <properties>
        <property>
          <key>Spotfire.Group</key>
          <value>0</value>
        </property>
      </properties>
    </reference>
    <reference>
      <elementId>7e443861-0f8f-49ea-9247-a1ee2fd1bdca</elementId>
      <hidden>false</hidden>
      <promptGroup>0</promptGroup>
      <properties>
        <property>
          <key>Spotfire.Group</key>
          <value>0</value>
        </property>
      </properties>
    </reference>
    <reference>
      <elementId>ab91ab89-01fd-4c2c-a6df-915e9b76131e</elementId>
      <hidden>false</hidden>
      <promptGroup>0</promptGroup>
      <properties>
        <property>
          <key>Spotfire.Group</key>
          <value>0</value>
        </property>
      </properties>
    </reference>
    <reference>
      <elementId>aa4eb92f-430a-4029-945f-d8db91b73891</elementId>
      <hidden>false</hidden>
      <promptGroup>0</promptGroup>
      <properties>
        <property>
          <key>Spotfire.Group</key>
          <value>0</value>
        </property>
      </properties>
    </reference>
    <reference>
      <elementId>8084929a-f212-4c11-9ec1-83b61a58f4e6</elementId>
      <hidden>false</hidden>
      <promptGroup>0</promptGroup>
      <properties>
        <property>
          <key>Spotfire.Group</key>
          <value>0</value>
        </property>
      </properties>
    </reference>
    <reference>
      <elementId>b0a48fe7-de8a-44f2-9e26-2014209b7a85</elementId>
      <hidden>false</hidden>
      <promptGroup>0</promptGroup>
      <properties>
        <property>
          <key>Spotfire.Group</key>
          <value>0</value>
        </property>
      </properties>
    </reference>
    <reference>
      <elementId>2ef07195-3e43-4847-a31f-fd3139b6f2b3</elementId>
      <hidden>false</hidden>
      <promptGroup>0</promptGroup>
      <properties>
        <property>
          <key>Spotfire.Group</key>
          <value>0</value>
        </property>
      </properties>
    </reference>
    <reference>
      <elementId>bd3aaf0b-5dd6-4605-901b-d09ff7644941</elementId>
      <hidden>false</hidden>
      <promptGroup>0</promptGroup>
      <properties>
        <property>
          <key>Spotfire.Group</key>
          <value>0</value>
        </property>
      </properties>
    </reference>
    <reference>
      <elementId>c536a391-b65b-44de-9882-42ab5e20d313</elementId>
      <hidden>false</hidden>
      <promptGroup>0</promptGroup>
      <properties>
        <property>
          <key>Spotfire.Group</key>
          <value>0</value>
        </property>
      </properties>
    </reference>
    <reference>
      <elementId>454263c8-fcb5-40c5-a4d1-76761cd13fca</elementId>
      <hidden>false</hidden>
      <promptGroup>0</promptGroup>
      <properties>
        <property>
          <key>Spotfire.Group</key>
          <value>0</value>
        </property>
      </properties>
    </reference>
    <reference>
      <elementId>40ff00f3-1ac8-4ce6-b03b-741076254fc4</elementId>
      <hidden>false</hidden>
      <promptGroup>0</promptGroup>
      <properties>
        <property>
          <key>Spotfire.Group</key>
          <value>0</value>
        </property>
      </properties>
    </reference>
    <reference>
      <elementId>0189d41b-2378-4fa5-8257-2060f774dc99</elementId>
      <hidden>false</hidden>
      <promptGroup>0</promptGroup>
      <properties>
        <property>
          <key>Spotfire.Group</key>
          <value>0</value>
        </property>
      </properties>
    </reference>
    <reference>
      <elementId>07b36353-8148-4539-8a72-24fbfd846244</elementId>
      <hidden>false</hidden>
      <promptGroup>0</promptGroup>
      <properties>
        <property>
          <key>Spotfire.Group</key>
          <value>0</value>
        </property>
      </properties>
    </reference>
    <reference>
      <elementId>0289d5b3-f220-43e4-b85b-d1900cdbc5eb</elementId>
      <hidden>false</hidden>
      <promptGroup>0</promptGroup>
      <properties>
        <property>
          <key>Spotfire.Group</key>
          <value>0</value>
        </property>
      </properties>
    </reference>
    <reference>
      <elementId>bf0981bf-45cc-49ba-99fc-1acc895947f0</elementId>
      <hidden>false</hidden>
      <promptGroup>0</promptGroup>
      <properties>
        <property>
          <key>Spotfire.Group</key>
          <value>0</value>
        </property>
      </properties>
    </reference>
    <reference>
      <elementId>bce56d26-47e4-4de8-9fa4-83ada62303db</elementId>
      <hidden>false</hidden>
      <promptGroup>0</promptGroup>
      <properties>
        <property>
          <key>Spotfire.Group</key>
          <value>0</value>
        </property>
      </properties>
    </reference>
    <reference>
      <elementId>3e02fcb6-062a-43b9-9098-6225cc75a885</elementId>
      <hidden>false</hidden>
      <promptGroup>0</promptGroup>
      <properties>
        <property>
          <key>Spotfire.Group</key>
          <value>0</value>
        </property>
      </properties>
    </reference>
    <reference>
      <elementId>9be2bcce-23f9-4a38-85ab-e133386afa25</elementId>
      <hidden>false</hidden>
      <promptGroup>0</promptGroup>
      <properties>
        <property>
          <key>Spotfire.Group</key>
          <value>0</value>
        </property>
      </properties>
    </reference>
  </elementRefs>
  <joins />
  <SQL>
    <entry>
      <dataSourceId>98817af7-cd7c-4849-a139-7ade8bb03cee</dataSourceId>
      <modifiedQuery>SELECT
   v1.`business unit` AS `BUSINESSUNIT`,
   v1.`business unit group` AS `BUSINESSUNITGROUP`,
   v1.`customer` AS `CUSTOMER`,
   v1.`customer account code` AS `CUSTOMERACCOUNTCODE`,
   v1.`customer account name` AS `CUSTOMERACCOUNTNAME`,
   v1.`despatch effective date` AS `DESPATCHEFFECTIVEDATE`,
   v1.`despatch entry by` AS `DESPATCHENTRYBY`,
   v1.`despatch entry date` AS `DESPATCHENTRYDATE`,
   v1.`despatch line quantity` AS `DESPATCHLINEQUANTITY`,
   v1.`functional amount` AS `FUNCTIONALAMOUNT`,
   v1.`functional currency` AS `FUNCTIONALCURRENCY`,
   v1.`goods despatch line no` AS `GOODSDESPATCHLINENO`,
   v1.`goods despatch reference` AS `GOODSDESPATCHREFERENCE`,
   v1.`line number` AS `LINENUMBER`,
   v1.`product description` AS `PRODUCTDESCRIPTION`,
   v1.`product group` AS `PRODUCTGROUP`,
   v1.`product type` AS `PRODUCTTYPE`,
   v1.`quantity matched` AS `QUANTITYMATCHED`,
   v1.`sales invoice code` AS `SALESINVOICECODE`,
   v1.`sales invoice effective date` AS `SALESINVOICEEFFECTIVEDATE`,
   v1.`sales invoice entry by` AS `SALESINVOICEENTRYBY`,
   v1.`sales invoice entry date` AS `SALESINVOICEENTRYDATE`,
   v1.`sales invoice line quantity` AS `SALESINVOICELINEQUANTITY`,
   v1.`sales order ref` AS `SALESORDERREF`,
   v1.`transaction fiscal period` AS `TRANSACTIONFISCALPERIOD`,
   v1.`transaction number` AS `TRANSACTIONNUMBER`,
   v1.`transaction type` AS `TRANSACTIONTYPE`,
   v1.`transaction type group` AS `TRANSACTIONTYPEGROUP`,
   v1.`matching category` AS `MATCHINGCATEGORY`,
   v1.`reporting currency` AS `REPORTINGCURRENCY`
FROM
   
--dbname
`v_il_ar_rr007_subledger_transaction_details` v1
WHERE
   &lt;conditions&gt;
</modifiedQuery>
      <modifiedPreCommands />
      <modifiedPostCommands />
      <generatedPreCommands xsi:nil="true" />
      <generatedPostCommands xsi:nil="true" />
    </entry>
  </SQL>
  <preProcedureRefs />
  <postProcedureRefs />
  <staticFilters xsi:nil="true" />
  <promptableFilters xsi:nil="true" />
  <namedParameterDefinitions />
</InformationLink>