<?xml version="1.0"?>
<Join xmlns:xsd="http://www.w3.org/2001/XMLSchema" xmlns:xsi="http://www.w3.org/2001/XMLSchema-instance">
  <id>3be6272f-a890-4bbf-84dc-6e288e2dd99a</id>
  <name>Join1</name>
  <parentId>4453f25e-8c2e-4463-8016-0ea1f141a216</parentId>
  <path>/z_BIVC_dependency_search/Folder12/Join1</path>
  <properties />
  <parameterReferences xsi:nil="true" />
  <joinCondition>
    <joinType>InnerJoin</joinType>
    <freehandExpression>%1 = %2</freehandExpression>
    <joinColumns>
      <column>
        <dataSourceId>df80e49a-83f2-4bfe-a77b-f76ac60ed1b9</dataSourceId>
        <dataSourceName>BIVCIL2</dataSourceName>
        <schema>dbo</schema>
        <catalog>Demo1</catalog>
        <table>Temp_DATA</table>
        <column>first_name</column>
      </column>
      <column>
        <dataSourceId>dbc68746-f86f-4994-a8ac-9c7672ae6db1</dataSourceId>
        <schema>dbo</schema>
        <catalog>Demo1</catalog>
        <table>Temp_DATA</table>
        <column>first_name</column>
      </column>
    </joinColumns>
  </joinCondition>
  <defaultJoin>false</defaultJoin>
  <targetTables>
    <table>
      <dataSourceId>df80e49a-83f2-4bfe-a77b-f76ac60ed1b9</dataSourceId>
      <dataSourceName>BIVCIL2</dataSourceName>
      <schema>dbo</schema>
      <catalog>Demo1</catalog>
      <table>Temp_DATA</table>
    </table>
    <table>
      <dataSourceId>dbc68746-f86f-4994-a8ac-9c7672ae6db1</dataSourceId>
      <schema>dbo</schema>
      <catalog>Demo1</catalog>
      <table>Temp_DATA</table>
    </table>
  </targetTables>
</Join>