<?xml version="1.0"?>
<Join xmlns:xsd="http://www.w3.org/2001/XMLSchema" xmlns:xsi="http://www.w3.org/2001/XMLSchema-instance">
  <id>2eb05164-5341-44d2-b4e2-7959018ffb35</id>
  <name>Join2</name>
  <parentId>3ec0bf39-e4e2-4c50-b5e8-b08320a7bac8</parentId>
  <path>/z_BIVC_dependency_search/Folder13/Join2</path>
  <properties />
  <parameterReferences xsi:nil="true" />
  <joinCondition>
    <joinType>InnerJoin</joinType>
    <freehandExpression>%1 = %2</freehandExpression>
    <joinColumns>
      <column>
        <dataSourceId>dbc68746-f86f-4994-a8ac-9c7672ae6db1</dataSourceId>
        <schema>dbo</schema>
        <catalog>Demo1</catalog>
        <table>Temp_DATA</table>
        <column>first_name</column>
      </column>
      <column>
        <dataSourceId>dbc68746-f86f-4994-a8ac-9c7672ae6db1</dataSourceId>
        <schema>INFORMATION_SCHEMA</schema>
        <catalog>Demo1</catalog>
        <table>CONSTRAINT_TABLE_USAGE</table>
        <column>TABLE_CATALOG</column>
      </column>
    </joinColumns>
  </joinCondition>
  <defaultJoin>false</defaultJoin>
  <targetTables>
    <table>
      <dataSourceId>dbc68746-f86f-4994-a8ac-9c7672ae6db1</dataSourceId>
      <schema>dbo</schema>
      <catalog>Demo1</catalog>
      <table>Temp_DATA</table>
    </table>
    <table>
      <dataSourceId>dbc68746-f86f-4994-a8ac-9c7672ae6db1</dataSourceId>
      <schema>INFORMATION_SCHEMA</schema>
      <catalog>Demo1</catalog>
      <table>CONSTRAINT_TABLE_USAGE</table>
    </table>
  </targetTables>
</Join>