<?xml version="1.0"?>
<Procedure xmlns:xsd="http://www.w3.org/2001/XMLSchema" xmlns:xsi="http://www.w3.org/2001/XMLSchema-instance">
  <id>6c0ddcf1-a3d6-48de-8d77-a4226e6946bf</id>
  <name>Procedurerr</name>
  <parentId>2c05cf24-b555-4837-9060-24fc6899c93e</parentId>
  <path>/QA_Anton/IL_folder/Procedurerr</path>
  <properties />
  <parameterReferences xsi:nil="true" />
  <procedureType>Pre</procedureType>
  <sourceProcedure>
    <dataSourceId>fb1fb7d0-e921-4033-aa01-c0aa9a001314</dataSourceId>
    <dataSourceName>Data source_Art5</dataSourceName>
    <schema>sys</schema>
    <catalog>Demo1</catalog>
    <procedure>sp_check_constbytable_rowset2</procedure>
  </sourceProcedure>
  <includeAllResultColumns>false</includeAllResultColumns>
  <parameters>
    <parameter>
      <elementId>6c0ddcf1-a3d6-48de-8d77-a4226e6946bf</elementId>
      <parameterId>@table_schema</parameterId>
      <dataType>string</dataType>
      <nullable>false</nullable>
      <values xsi:nil="true" />
      <parameters xsi:nil="true" />
    </parameter>
    <parameter>
      <elementId>6c0ddcf1-a3d6-48de-8d77-a4226e6946bf</elementId>
      <parameterId>@constraint_name</parameterId>
      <dataType>string</dataType>
      <nullable>false</nullable>
      <values xsi:nil="true" />
      <parameters xsi:nil="true" />
    </parameter>
    <parameter>
      <elementId>6c0ddcf1-a3d6-48de-8d77-a4226e6946bf</elementId>
      <parameterId>@constraint_schema</parameterId>
      <dataType>string</dataType>
      <nullable>false</nullable>
      <values xsi:nil="true" />
      <parameters xsi:nil="true" />
    </parameter>
  </parameters>
  <resultColumns />
</Procedure>