<?xml version="1.0"?>
<Procedure xmlns:xsd="http://www.w3.org/2001/XMLSchema" xmlns:xsi="http://www.w3.org/2001/XMLSchema-instance">
  <id>a0303138-6ab2-4bbf-b05b-a7f379a0a401</id>
  <name>Procedure</name>
  <parentId>6b67ec30-712e-11dd-7434-00100a64217d</parentId>
  <path>/Procedure</path>
  <properties />
  <parameterReferences xsi:nil="true" />
  <procedureType>Query</procedureType>
  <sourceProcedure>
    <dataSourceId>6a3f24b9-8d96-48ff-b4c2-7c007b90e6db</dataSourceId>
    <dataSourceName>ECSB00100B6F.epam.com</dataSourceName>
    <schema>dbo</schema>
    <catalog>Demo1</catalog>
    <procedure>Anar</procedure>
  </sourceProcedure>
  <includeAllResultColumns>true</includeAllResultColumns>
  <parameters>
    <parameter>
      <elementId>a0303138-6ab2-4bbf-b05b-a7f379a0a401</elementId>
      <parameterId>@last_name</parameterId>
      <dataType>string</dataType>
      <promptType>Value</promptType>
      <nullable>true</nullable>
      <values xsi:nil="true" />
      <parameters xsi:nil="true" />
    </parameter>
    <parameter>
      <elementId>a0303138-6ab2-4bbf-b05b-a7f379a0a401</elementId>
      <parameterId>@first_name</parameterId>
      <dataType>string</dataType>
      <promptType>Value</promptType>
      <nullable>true</nullable>
      <values xsi:nil="true" />
      <parameters xsi:nil="true" />
    </parameter>
  </parameters>
  <resultColumns />
</Procedure>