<?xml version="1.0"?>
<Procedure xmlns:xsd="http://www.w3.org/2001/XMLSchema" xmlns:xsi="http://www.w3.org/2001/XMLSchema-instance">
  <id>65955444-c094-405b-95fa-79e321971ed9</id>
  <name>P2</name>
  <parentId>a7f7385c-7ca3-4591-a683-2d558c2e67e1</parentId>
  <path>/IXLCGEN-5726/Folder 2/P2</path>
  <properties />
  <parameterReferences xsi:nil="true" />
  <procedureType>Post</procedureType>
  <sourceProcedure>
    <dataSourceId>8c02e553-f0c8-4b75-8b46-5e5ef2fc5943</dataSourceId>
    <dataSourceName>IXLCGEN-5726 DS</dataSourceName>
    <schema>sys</schema>
    <catalog>Demo1</catalog>
    <procedure>sp_helplogreader_agent</procedure>
  </sourceProcedure>
  <includeAllResultColumns>false</includeAllResultColumns>
  <parameters>
    <parameter>
      <elementId>65955444-c094-405b-95fa-79e321971ed9</elementId>
      <parameterId>@publisher</parameterId>
      <dataType>string</dataType>
      <nullable>false</nullable>
      <values xsi:nil="true" />
      <parameters xsi:nil="true" />
    </parameter>
  </parameters>
  <resultColumns />
</Procedure>