<?xml version="1.0"?>
<Procedure xmlns:xsd="http://www.w3.org/2001/XMLSchema" xmlns:xsi="http://www.w3.org/2001/XMLSchema-instance">
  <id>ebdf7b88-65f8-4c61-b92a-a222cd9adc6e</id>
  <name>ProcedureTest</name>
  <parentId>6b67ec30-712e-11dd-7434-00100a64217d</parentId>
  <path>/ProcedureTest</path>
  <properties />
  <parameterReferences xsi:nil="true" />
  <procedureType>Query</procedureType>
  <sourceProcedure>
    <dataSourceId>ef0cb17a-5e4e-464a-9359-f3a7a8516c8e</dataSourceId>
    <dataSourceName>Adri_DS</dataSourceName>
    <schema>dbo</schema>
    <catalog>OPTSuiteMainDB</catalog>
    <procedure>testStoredProcedureForILProcedure</procedure>
  </sourceProcedure>
  <includeAllResultColumns>true</includeAllResultColumns>
  <parameters>
    <parameter>
      <elementId>ebdf7b88-65f8-4c61-b92a-a222cd9adc6e</elementId>
      <parameterId>@count</parameterId>
      <dataType>integer</dataType>
      <nullable>false</nullable>
      <values>
        <value>10</value>
      </values>
      <parameters xsi:nil="true" />
    </parameter>
  </parameters>
  <resultColumns />
</Procedure>