<?xml version="1.0"?>
<Procedure xmlns:xsd="http://www.w3.org/2001/XMLSchema" xmlns:xsi="http://www.w3.org/2001/XMLSchema-instance">
  <id>ba85b624-29d5-4726-9382-56ee81515ba0</id>
  <name>Procedure2</name>
  <parentId>126472a4-694c-40d2-bbb3-5a8556c47092</parentId>
  <path>/z_BIVC_dependency_search/Folder9/Procedure2</path>
  <properties />
  <parameterReferences xsi:nil="true" />
  <procedureType>Pre</procedureType>
  <sourceProcedure>
    <dataSourceId>dbc68746-f86f-4994-a8ac-9c7672ae6db1</dataSourceId>
    <schema>sys</schema>
    <catalog>Demo1</catalog>
    <procedure>sp_MSadd_repl_command</procedure>
  </sourceProcedure>
  <includeAllResultColumns>false</includeAllResultColumns>
  <parameters>
    <parameter>
      <elementId>ba85b624-29d5-4726-9382-56ee81515ba0</elementId>
      <parameterId>@publisher_id</parameterId>
      <dataType>integer</dataType>
      <nullable>false</nullable>
      <values xsi:nil="true" />
      <parameters xsi:nil="true" />
    </parameter>
    <parameter>
      <elementId>ba85b624-29d5-4726-9382-56ee81515ba0</elementId>
      <parameterId>@publisher_db</parameterId>
      <dataType>string</dataType>
      <nullable>false</nullable>
      <values xsi:nil="true" />
      <parameters xsi:nil="true" />
    </parameter>
    <parameter>
      <elementId>ba85b624-29d5-4726-9382-56ee81515ba0</elementId>
      <parameterId>@xact_id</parameterId>
      <dataType>blob</dataType>
      <nullable>false</nullable>
      <values xsi:nil="true" />
      <parameters xsi:nil="true" />
    </parameter>
    <parameter>
      <elementId>ba85b624-29d5-4726-9382-56ee81515ba0</elementId>
      <parameterId>@xact_seqno</parameterId>
      <dataType>blob</dataType>
      <nullable>false</nullable>
      <values xsi:nil="true" />
      <parameters xsi:nil="true" />
    </parameter>
    <parameter>
      <elementId>ba85b624-29d5-4726-9382-56ee81515ba0</elementId>
      <parameterId>@originator</parameterId>
      <dataType>string</dataType>
      <nullable>false</nullable>
      <values xsi:nil="true" />
      <parameters xsi:nil="true" />
    </parameter>
    <parameter>
      <elementId>ba85b624-29d5-4726-9382-56ee81515ba0</elementId>
      <parameterId>@originator_db</parameterId>
      <dataType>string</dataType>
      <nullable>false</nullable>
      <values xsi:nil="true" />
      <parameters xsi:nil="true" />
    </parameter>
    <parameter>
      <elementId>ba85b624-29d5-4726-9382-56ee81515ba0</elementId>
      <parameterId>@article_id</parameterId>
      <dataType>integer</dataType>
      <nullable>false</nullable>
      <values xsi:nil="true" />
      <parameters xsi:nil="true" />
    </parameter>
    <parameter>
      <elementId>ba85b624-29d5-4726-9382-56ee81515ba0</elementId>
      <parameterId>@command_id</parameterId>
      <dataType>integer</dataType>
      <nullable>false</nullable>
      <values xsi:nil="true" />
      <parameters xsi:nil="true" />
    </parameter>
    <parameter>
      <elementId>ba85b624-29d5-4726-9382-56ee81515ba0</elementId>
      <parameterId>@type</parameterId>
      <dataType>integer</dataType>
      <nullable>false</nullable>
      <values xsi:nil="true" />
      <parameters xsi:nil="true" />
    </parameter>
    <parameter>
      <elementId>ba85b624-29d5-4726-9382-56ee81515ba0</elementId>
      <parameterId>@partial_command</parameterId>
      <dataType>boolean</dataType>
      <nullable>false</nullable>
      <values xsi:nil="true" />
      <parameters xsi:nil="true" />
    </parameter>
    <parameter>
      <elementId>ba85b624-29d5-4726-9382-56ee81515ba0</elementId>
      <parameterId>@command</parameterId>
      <dataType>blob</dataType>
      <nullable>false</nullable>
      <values xsi:nil="true" />
      <parameters xsi:nil="true" />
    </parameter>
    <parameter>
      <elementId>ba85b624-29d5-4726-9382-56ee81515ba0</elementId>
      <parameterId>@publisher</parameterId>
      <dataType>string</dataType>
      <nullable>false</nullable>
      <values xsi:nil="true" />
      <parameters xsi:nil="true" />
    </parameter>
  </parameters>
  <resultColumns />
</Procedure>