<?xml version="1.0"?>
<Procedure xmlns:xsd="http://www.w3.org/2001/XMLSchema" xmlns:xsi="http://www.w3.org/2001/XMLSchema-instance">
  <id>4c26ce83-3685-45fd-b771-ddaf56b706c5</id>
  <name>PT_Proc1</name>
  <parentId>23be14a4-4495-493e-ae7b-5cb2fcc50ef4</parentId>
  <path>/DEV_PeterT_Collector/A_PT_Folder2_Proc/PT_Proc1</path>
  <properties />
  <parameterReferences xsi:nil="true" />
  <procedureType>Pre</procedureType>
  <sourceProcedure>
    <dataSourceId>b3c1cb30-2686-4879-a8d7-27da54800764</dataSourceId>
    <dataSourceName>PT_DS_1</dataSourceName>
    <schema>gt</schema>
    <catalog>ScaledAnalyticsBundleDB_UAT</catalog>
    <procedure>SPDIM_Page</procedure>
  </sourceProcedure>
  <includeAllResultColumns>false</includeAllResultColumns>
  <parameters />
  <resultColumns />
</Procedure>