<?xml version="1.0"?>
<Procedure xmlns:xsd="http://www.w3.org/2001/XMLSchema" xmlns:xsi="http://www.w3.org/2001/XMLSchema-instance">
  <id>95225e33-3641-485c-8029-a90dbafa96ca</id>
  <name>P3 S3</name>
  <parentId>b0594b8a-c86b-442d-9bc2-3948e0cfe705</parentId>
  <path>/IXLCGEN-5726/Folder 3/Subfolder 3/P3 S3</path>
  <properties />
  <parameterReferences xsi:nil="true" />
  <procedureType>Query</procedureType>
  <sourceProcedure>
    <dataSourceId>8c02e553-f0c8-4b75-8b46-5e5ef2fc5943</dataSourceId>
    <dataSourceName>IXLCGEN-5726 DS</dataSourceName>
    <schema>sys</schema>
    <catalog>Demo1</catalog>
    <procedure>sp_helpmergealternatepublisher</procedure>
  </sourceProcedure>
  <includeAllResultColumns>true</includeAllResultColumns>
  <parameters>
    <parameter>
      <elementId>95225e33-3641-485c-8029-a90dbafa96ca</elementId>
      <parameterId>@publisher</parameterId>
      <dataType>string</dataType>
      <nullable>false</nullable>
      <values xsi:nil="true" />
      <parameters xsi:nil="true" />
    </parameter>
    <parameter>
      <elementId>95225e33-3641-485c-8029-a90dbafa96ca</elementId>
      <parameterId>@publisher_db</parameterId>
      <dataType>string</dataType>
      <nullable>false</nullable>
      <values xsi:nil="true" />
      <parameters xsi:nil="true" />
    </parameter>
    <parameter>
      <elementId>95225e33-3641-485c-8029-a90dbafa96ca</elementId>
      <parameterId>@publication</parameterId>
      <dataType>string</dataType>
      <nullable>false</nullable>
      <values xsi:nil="true" />
      <parameters xsi:nil="true" />
    </parameter>
  </parameters>
  <resultColumns />
</Procedure>