<?xml version="1.0"?>
<Procedure xmlns:xsd="http://www.w3.org/2001/XMLSchema" xmlns:xsi="http://www.w3.org/2001/XMLSchema-instance">
  <id>297d2b48-701e-43dc-afd7-e6e93c3b48e1</id>
  <name>Procedure1</name>
  <parentId>cd88066b-fb72-415e-87ab-92ee74c15251</parentId>
  <path>/z_BIVC_dependency_search/Folder8/Procedure1</path>
  <properties />
  <parameterReferences xsi:nil="true" />
  <procedureType>Post</procedureType>
  <sourceProcedure>
    <dataSourceId>dbc68746-f86f-4994-a8ac-9c7672ae6db1</dataSourceId>
    <schema>sys</schema>
    <catalog>Demo1</catalog>
    <procedure>sp_MSadd_mergereplcommand</procedure>
  </sourceProcedure>
  <includeAllResultColumns>false</includeAllResultColumns>
  <parameters>
    <parameter>
      <elementId>297d2b48-701e-43dc-afd7-e6e93c3b48e1</elementId>
      <parameterId>@publication</parameterId>
      <dataType>string</dataType>
      <nullable>false</nullable>
      <values xsi:nil="true" />
      <parameters xsi:nil="true" />
    </parameter>
    <parameter>
      <elementId>297d2b48-701e-43dc-afd7-e6e93c3b48e1</elementId>
      <parameterId>@article</parameterId>
      <dataType>string</dataType>
      <nullable>false</nullable>
      <values xsi:nil="true" />
      <parameters xsi:nil="true" />
    </parameter>
    <parameter>
      <elementId>297d2b48-701e-43dc-afd7-e6e93c3b48e1</elementId>
      <parameterId>@schematype</parameterId>
      <dataType>integer</dataType>
      <nullable>false</nullable>
      <values xsi:nil="true" />
      <parameters xsi:nil="true" />
    </parameter>
    <parameter>
      <elementId>297d2b48-701e-43dc-afd7-e6e93c3b48e1</elementId>
      <parameterId>@schematext</parameterId>
      <dataType>string</dataType>
      <nullable>false</nullable>
      <values xsi:nil="true" />
      <parameters xsi:nil="true" />
    </parameter>
    <parameter>
      <elementId>297d2b48-701e-43dc-afd7-e6e93c3b48e1</elementId>
      <parameterId>@tablename</parameterId>
      <dataType>string</dataType>
      <nullable>false</nullable>
      <values xsi:nil="true" />
      <parameters xsi:nil="true" />
    </parameter>
  </parameters>
  <resultColumns />
</Procedure>