<?xml version="1.0"?>
<Procedure xmlns:xsd="http://www.w3.org/2001/XMLSchema" xmlns:xsi="http://www.w3.org/2001/XMLSchema-instance">
  <id>551bc990-b1e7-47c0-87b2-7d9960409d91</id>
  <name>proc1</name>
  <parentId>6b67ec30-712e-11dd-7434-00100a64217d</parentId>
  <path>/proc1</path>
  <properties />
  <parameterReferences xsi:nil="true" />
  <procedureType>Pre</procedureType>
  <sourceProcedure>
    <dataSourceId>f56bd5bd-0b22-44e4-a06c-6932eaf49f84</dataSourceId>
    <schema>sys</schema>
    <catalog>Demo1</catalog>
    <procedure>sp_help_peerconflictdetection</procedure>
  </sourceProcedure>
  <includeAllResultColumns>false</includeAllResultColumns>
  <parameters>
    <parameter>
      <elementId>551bc990-b1e7-47c0-87b2-7d9960409d91</elementId>
      <parameterId>@publication</parameterId>
      <dataType>string</dataType>
      <nullable>false</nullable>
      <values xsi:nil="true" />
      <parameters xsi:nil="true" />
    </parameter>
    <parameter>
      <elementId>551bc990-b1e7-47c0-87b2-7d9960409d91</elementId>
      <parameterId>@timeout</parameterId>
      <dataType>integer</dataType>
      <nullable>false</nullable>
      <values xsi:nil="true" />
      <parameters xsi:nil="true" />
    </parameter>
  </parameters>
  <resultColumns />
</Procedure>