<?xml version="1.0"?>
<Procedure xmlns:xsd="http://www.w3.org/2001/XMLSchema" xmlns:xsi="http://www.w3.org/2001/XMLSchema-instance">
  <id>0bf603e1-d3a7-4ecd-9d2c-a0135e909424</id>
  <name>P1 SSS1</name>
  <parentId>32db8afc-6ca2-4dbc-a318-709cbe2af8da</parentId>
  <path>/IXLCGEN-5726/Folder 1/Subfolder 1/Subsubfolder 1/Subsubsubfolder 1/P1 SSS1</path>
  <properties />
  <parameterReferences xsi:nil="true" />
  <procedureType>Pre</procedureType>
  <sourceProcedure>
    <dataSourceId>8c02e553-f0c8-4b75-8b46-5e5ef2fc5943</dataSourceId>
    <dataSourceName>IXLCGEN-5726 DS</dataSourceName>
    <schema>sys</schema>
    <catalog>Demo1</catalog>
    <procedure>sp_helplogins</procedure>
  </sourceProcedure>
  <includeAllResultColumns>false</includeAllResultColumns>
  <parameters>
    <parameter>
      <elementId>0bf603e1-d3a7-4ecd-9d2c-a0135e909424</elementId>
      <parameterId>@LoginNamePattern</parameterId>
      <dataType>string</dataType>
      <nullable>false</nullable>
      <values xsi:nil="true" />
      <parameters xsi:nil="true" />
    </parameter>
  </parameters>
  <resultColumns />
</Procedure>