<?xml version="1.0"?>
<Procedure xmlns:xsd="http://www.w3.org/2001/XMLSchema" xmlns:xsi="http://www.w3.org/2001/XMLSchema-instance">
  <id>a54af06e-2a9f-4aa0-8a60-0a9276bdf535</id>
  <name>Procedure3</name>
  <parentId>4d74642f-978e-49cb-84cc-1a2d6eb47fab</parentId>
  <path>/z_BIVC_dependency_search/Folder10/Procedure3</path>
  <properties />
  <parameterReferences xsi:nil="true" />
  <procedureType>Post</procedureType>
  <sourceProcedure>
    <dataSourceId>dbc68746-f86f-4994-a8ac-9c7672ae6db1</dataSourceId>
    <schema>sys</schema>
    <catalog>Demo1</catalog>
    <procedure>sp_MSadd_subscriber_schedule</procedure>
  </sourceProcedure>
  <includeAllResultColumns>false</includeAllResultColumns>
  <parameters>
    <parameter>
      <elementId>a54af06e-2a9f-4aa0-8a60-0a9276bdf535</elementId>
      <parameterId>@publisher</parameterId>
      <dataType>string</dataType>
      <nullable>false</nullable>
      <values xsi:nil="true" />
      <parameters xsi:nil="true" />
    </parameter>
    <parameter>
      <elementId>a54af06e-2a9f-4aa0-8a60-0a9276bdf535</elementId>
      <parameterId>@subscriber</parameterId>
      <dataType>string</dataType>
      <nullable>false</nullable>
      <values xsi:nil="true" />
      <parameters xsi:nil="true" />
    </parameter>
    <parameter>
      <elementId>a54af06e-2a9f-4aa0-8a60-0a9276bdf535</elementId>
      <parameterId>@agent_type</parameterId>
      <dataType>integer</dataType>
      <nullable>false</nullable>
      <values xsi:nil="true" />
      <parameters xsi:nil="true" />
    </parameter>
    <parameter>
      <elementId>a54af06e-2a9f-4aa0-8a60-0a9276bdf535</elementId>
      <parameterId>@frequency_type</parameterId>
      <dataType>integer</dataType>
      <nullable>false</nullable>
      <values xsi:nil="true" />
      <parameters xsi:nil="true" />
    </parameter>
    <parameter>
      <elementId>a54af06e-2a9f-4aa0-8a60-0a9276bdf535</elementId>
      <parameterId>@frequency_interval</parameterId>
      <dataType>integer</dataType>
      <nullable>false</nullable>
      <values xsi:nil="true" />
      <parameters xsi:nil="true" />
    </parameter>
    <parameter>
      <elementId>a54af06e-2a9f-4aa0-8a60-0a9276bdf535</elementId>
      <parameterId>@frequency_relative_interval</parameterId>
      <dataType>integer</dataType>
      <nullable>false</nullable>
      <values xsi:nil="true" />
      <parameters xsi:nil="true" />
    </parameter>
    <parameter>
      <elementId>a54af06e-2a9f-4aa0-8a60-0a9276bdf535</elementId>
      <parameterId>@frequency_recurrence_factor</parameterId>
      <dataType>integer</dataType>
      <nullable>false</nullable>
      <values xsi:nil="true" />
      <parameters xsi:nil="true" />
    </parameter>
    <parameter>
      <elementId>a54af06e-2a9f-4aa0-8a60-0a9276bdf535</elementId>
      <parameterId>@frequency_subday</parameterId>
      <dataType>integer</dataType>
      <nullable>false</nullable>
      <values xsi:nil="true" />
      <parameters xsi:nil="true" />
    </parameter>
    <parameter>
      <elementId>a54af06e-2a9f-4aa0-8a60-0a9276bdf535</elementId>
      <parameterId>@frequency_subday_interval</parameterId>
      <dataType>integer</dataType>
      <nullable>false</nullable>
      <values xsi:nil="true" />
      <parameters xsi:nil="true" />
    </parameter>
    <parameter>
      <elementId>a54af06e-2a9f-4aa0-8a60-0a9276bdf535</elementId>
      <parameterId>@active_start_time_of_day</parameterId>
      <dataType>integer</dataType>
      <nullable>false</nullable>
      <values xsi:nil="true" />
      <parameters xsi:nil="true" />
    </parameter>
    <parameter>
      <elementId>a54af06e-2a9f-4aa0-8a60-0a9276bdf535</elementId>
      <parameterId>@active_end_time_of_day</parameterId>
      <dataType>integer</dataType>
      <nullable>false</nullable>
      <values xsi:nil="true" />
      <parameters xsi:nil="true" />
    </parameter>
    <parameter>
      <elementId>a54af06e-2a9f-4aa0-8a60-0a9276bdf535</elementId>
      <parameterId>@active_start_date</parameterId>
      <dataType>integer</dataType>
      <nullable>false</nullable>
      <values xsi:nil="true" />
      <parameters xsi:nil="true" />
    </parameter>
    <parameter>
      <elementId>a54af06e-2a9f-4aa0-8a60-0a9276bdf535</elementId>
      <parameterId>@active_end_date</parameterId>
      <dataType>integer</dataType>
      <nullable>false</nullable>
      <values xsi:nil="true" />
      <parameters xsi:nil="true" />
    </parameter>
  </parameters>
  <resultColumns />
</Procedure>