<?xml version="1.0"?>
<Procedure xmlns:xsd="http://www.w3.org/2001/XMLSchema" xmlns:xsi="http://www.w3.org/2001/XMLSchema-instance">
  <id>4316b2e7-0ae0-4b44-9f5c-b52aec9946a6</id>
  <name>Procedure_ArtTest</name>
  <parentId>6b67ec30-712e-11dd-7434-00100a64217d</parentId>
  <path>/Procedure_ArtTest</path>
  <properties />
  <parameterReferences xsi:nil="true" />
  <procedureType>Pre</procedureType>
  <sourceProcedure>
    <dataSourceId>190572a8-a8eb-4cd5-a824-afc969bc50dd</dataSourceId>
    <dataSourceName>Data source_Art6</dataSourceName>
    <schema>sys</schema>
    <catalog>Demo1</catalog>
    <procedure>sp_tables_rowset</procedure>
  </sourceProcedure>
  <includeAllResultColumns>false</includeAllResultColumns>
  <parameters>
    <parameter>
      <elementId>4316b2e7-0ae0-4b44-9f5c-b52aec9946a6</elementId>
      <parameterId>@table_name</parameterId>
      <dataType>string</dataType>
      <nullable>false</nullable>
      <values xsi:nil="true" />
      <parameters xsi:nil="true" />
    </parameter>
    <parameter>
      <elementId>4316b2e7-0ae0-4b44-9f5c-b52aec9946a6</elementId>
      <parameterId>@table_schema</parameterId>
      <dataType>string</dataType>
      <nullable>false</nullable>
      <values xsi:nil="true" />
      <parameters xsi:nil="true" />
    </parameter>
    <parameter>
      <elementId>4316b2e7-0ae0-4b44-9f5c-b52aec9946a6</elementId>
      <parameterId>@table_type</parameterId>
      <dataType>string</dataType>
      <nullable>false</nullable>
      <values xsi:nil="true" />
      <parameters xsi:nil="true" />
    </parameter>
  </parameters>
  <resultColumns />
</Procedure>