<?xml version="1.0"?>
<Column xmlns:xsd="http://www.w3.org/2001/XMLSchema" xmlns:xsi="http://www.w3.org/2001/XMLSchema-instance">
  <id>85b54ab9-6fbe-457f-99cb-87b6f49cd77e</id>
  <name>Column4</name>
  <parentId>477159e8-8b63-49fb-ade3-78a48e6dd697</parentId>
  <path>/z_BIVC-dependency_search/Folder5/Column4</path>
  <properties />
  <parameterReferences xsi:nil="true" />
  <filterColumns xsi:nil="true" />
  <calculation>%1</calculation>
  <dataType>date</dataType>
  <drillable>false</drillable>
  <sourceColumns>
    <column>
      <dataSourceId>0f4c5621-aa77-4d74-b53d-22c2f6fe411a</dataSourceId>
      <dataSourceName>DataSource1</dataSourceName>
      <schema>dbo</schema>
      <catalog>BIVC_test</catalog>
      <table>City</table>
      <column>visit_date</column>
    </column>
  </sourceColumns>
  <aggregationKeys />
</Column>