<?xml version="1.0"?>
<Column xmlns:xsd="http://www.w3.org/2001/XMLSchema" xmlns:xsi="http://www.w3.org/2001/XMLSchema-instance">
  <id>807dceaa-c738-48e0-9b00-3156e4e1a1a2</id>
  <name>Column2</name>
  <parentId>ed6942e7-6855-40b5-90ee-53c3cdd1ba57</parentId>
  <path>/QA_Artur/z_BIVC-dependency_search/Folder4/Subfolder1/SubFolder2A/SubFolder3/SubFolder4A/Column2</path>
  <properties />
  <parameterReferences xsi:nil="true" />
  <filterColumns xsi:nil="true" />
  <calculation>%1</calculation>
  <dataType>string</dataType>
  <drillable>false</drillable>
  <sourceColumns>
    <column>
      <dataSourceId>d4eb5f8c-670c-4c70-a0ca-9a475bc44b2c</dataSourceId>
      <dataSourceName>DataSource1</dataSourceName>
      <schema>dbo</schema>
      <catalog>BIVC_test</catalog>
      <table>City</table>
      <column>country_name</column>
    </column>
  </sourceColumns>
  <aggregationKeys />
</Column>