<?xml version="1.0"?>
<Column xmlns:xsd="http://www.w3.org/2001/XMLSchema" xmlns:xsi="http://www.w3.org/2001/XMLSchema-instance">
  <id>34ded18f-d7ec-47ec-9038-e97a12ebfffc</id>
  <name>Column2</name>
  <parentId>d87e6989-82ba-4a61-a2bc-a24eb438beea</parentId>
  <path>/z_BIVC-dependency_search/Folder4/Subfolder1/SubFolder2A/SubFolder3/SubFolder4A/Column2</path>
  <properties />
  <parameterReferences xsi:nil="true" />
  <filterColumns xsi:nil="true" />
  <calculation>%1</calculation>
  <dataType>string</dataType>
  <drillable>false</drillable>
  <sourceColumns>
    <column>
      <dataSourceId>0f4c5621-aa77-4d74-b53d-22c2f6fe411a</dataSourceId>
      <dataSourceName>DataSource1</dataSourceName>
      <schema>dbo</schema>
      <catalog>BIVC_test</catalog>
      <table>City</table>
      <column>country_name</column>
    </column>
  </sourceColumns>
  <aggregationKeys />
</Column>