<?xml version="1.0"?>
<Column xmlns:xsd="http://www.w3.org/2001/XMLSchema" xmlns:xsi="http://www.w3.org/2001/XMLSchema-instance">
  <id>ffc84514-c6d6-4571-8a6c-ad1db5ecd432</id>
  <name>Column7</name>
  <parentId>68e18a73-34d4-4559-9822-5a400bf372a9</parentId>
  <path>/QA_Artur/z_BIVC-dependency_search/Folder17/Column7</path>
  <properties />
  <parameterReferences xsi:nil="true" />
  <filterColumns xsi:nil="true" />
  <calculation>%1</calculation>
  <dataType>string</dataType>
  <drillable>false</drillable>
  <sourceColumns>
    <column>
      <dataSourceId>df7c92b9-f42a-4c66-b1cf-69c0073784bf</dataSourceId>
      <dataSourceName>DataSource3</dataSourceName>
      <schema>dbo</schema>
      <catalog>BIVC_test</catalog>
      <table>City</table>
      <column>city_name</column>
    </column>
  </sourceColumns>
  <aggregationKeys />
</Column>