<?xml version="1.0"?>
<Column xmlns:xsd="http://www.w3.org/2001/XMLSchema" xmlns:xsi="http://www.w3.org/2001/XMLSchema-instance">
  <id>0a0c3326-9eb0-47cd-b700-45c740247ed7</id>
  <name>ColumnCreated</name>
  <parentId>d65ec688-0c70-47e3-967c-131d0135f979</parentId>
  <path>/QA_Artur/z_BIVC-dependency_search/testCreateFolder/ColumnCreated</path>
  <properties />
  <parameterReferences xsi:nil="true" />
  <filterColumns xsi:nil="true" />
  <calculation>%1</calculation>
  <dataType>string</dataType>
  <drillable>false</drillable>
  <sourceColumns>
    <column>
      <dataSourceId>258839bb-1f76-429c-966a-a8b7e5b91603</dataSourceId>
      <dataSourceName>DataSource1</dataSourceName>
      <schema>dbo</schema>
      <catalog>BIVC_test</catalog>
      <table>City</table>
      <column>country_name</column>
    </column>
  </sourceColumns>
  <aggregationKeys />
</Column>