<?xml version="1.0"?>
<Column xmlns:xsd="http://www.w3.org/2001/XMLSchema" xmlns:xsi="http://www.w3.org/2001/XMLSchema-instance">
  <id>8f3a336f-80b9-4e74-b64d-f5613f580df1</id>
  <name>Column7</name>
  <parentId>49faedba-a0e9-44b0-a404-304c516ba4d3</parentId>
  <path>/z_BIVC-dependency_search/Folder17/Column7</path>
  <properties />
  <parameterReferences xsi:nil="true" />
  <filterColumns xsi:nil="true" />
  <calculation>%1</calculation>
  <dataType>string</dataType>
  <drillable>false</drillable>
  <sourceColumns>
    <column>
      <dataSourceId>627a05ef-f66f-4dcc-be88-8acbad34c962</dataSourceId>
      <dataSourceName>DataSource3</dataSourceName>
      <schema>dbo</schema>
      <catalog>BIVC_test</catalog>
      <table>City</table>
      <column>city_name</column>
    </column>
  </sourceColumns>
  <aggregationKeys />
</Column>