<?xml version="1.0"?>
<Column xmlns:xsd="http://www.w3.org/2001/XMLSchema" xmlns:xsi="http://www.w3.org/2001/XMLSchema-instance">
  <id>13a4cd5b-caa1-426d-967d-438651fbba92</id>
  <name>Column7</name>
  <parentId>d87553ce-ef21-4679-9828-32d9efc29479</parentId>
  <path>/QA_Artur/z_BIVC-dependency_search/Folder17/Column7</path>
  <properties />
  <parameterReferences xsi:nil="true" />
  <filterColumns xsi:nil="true" />
  <calculation>%1</calculation>
  <dataType>string</dataType>
  <drillable>false</drillable>
  <sourceColumns>
    <column>
      <dataSourceId>b305a024-bc33-45e3-bf81-979ccca0a5cf</dataSourceId>
      <dataSourceName>DataSource3</dataSourceName>
      <schema>dbo</schema>
      <catalog>BIVC_test</catalog>
      <table>City</table>
      <column>city_name</column>
    </column>
  </sourceColumns>
  <aggregationKeys />
</Column>