<?xml version="1.0"?>
<Column xmlns:xsd="http://www.w3.org/2001/XMLSchema" xmlns:xsi="http://www.w3.org/2001/XMLSchema-instance">
  <id>84e0d3e2-4c87-465b-a84d-9515e5afc818</id>
  <name>Column4</name>
  <parentId>fe2e7a6e-fbd8-4acf-9a95-b9835610c561</parentId>
  <path>/QA_Artur/z_BIVC-dependency_search/Folder5/Column4</path>
  <properties />
  <parameterReferences xsi:nil="true" />
  <filterColumns xsi:nil="true" />
  <calculation>%1</calculation>
  <dataType>date</dataType>
  <drillable>false</drillable>
  <sourceColumns>
    <column>
      <dataSourceId>d4eb5f8c-670c-4c70-a0ca-9a475bc44b2c</dataSourceId>
      <dataSourceName>DataSource1</dataSourceName>
      <schema>dbo</schema>
      <catalog>BIVC_test</catalog>
      <table>City</table>
      <column>visit_date</column>
    </column>
  </sourceColumns>
  <aggregationKeys />
</Column>