<?xml version="1.0"?>
<Column xmlns:xsd="http://www.w3.org/2001/XMLSchema" xmlns:xsi="http://www.w3.org/2001/XMLSchema-instance">
  <id>bf3fb9da-fdd4-465c-a7f5-4a7abdb01e30</id>
  <name>Column6</name>
  <parentId>257925fc-72c4-4ddc-a9db-da4b4e3560c7</parentId>
  <path>/QA_Artur/z_BIVC-dependency_search/Folder7/Column6</path>
  <properties />
  <parameterReferences xsi:nil="true" />
  <filterColumns xsi:nil="true" />
  <calculation>%1</calculation>
  <dataType>string</dataType>
  <drillable>false</drillable>
  <sourceColumns>
    <column>
      <dataSourceId>d4eb5f8c-670c-4c70-a0ca-9a475bc44b2c</dataSourceId>
      <dataSourceName>DataSource1</dataSourceName>
      <schema>dbo</schema>
      <catalog>BIVC_test</catalog>
      <table>City</table>
      <column>country_name</column>
    </column>
    <column>
      <dataSourceId>291d25a5-d066-4a19-9237-e3b3b07d5cd3</dataSourceId>
      <dataSourceName>DataSource2</dataSourceName>
      <schema>dbo</schema>
      <catalog>BIVC_test2</catalog>
      <table>Financial_Sample</table>
      <column>Discounts</column>
    </column>
  </sourceColumns>
  <aggregationKeys />
</Column>