<?xml version="1.0"?>
<Column xmlns:xsd="http://www.w3.org/2001/XMLSchema" xmlns:xsi="http://www.w3.org/2001/XMLSchema-instance">
  <id>83a816f4-2f0f-45b2-b2e9-fcd3bc43ab64</id>
  <name>Column5</name>
  <parentId>477159e8-8b63-49fb-ade3-78a48e6dd697</parentId>
  <path>/z_BIVC-dependency_search/Folder5/Column5</path>
  <properties />
  <parameterReferences xsi:nil="true" />
  <filterColumns xsi:nil="true" />
  <calculation>%1</calculation>
  <dataType>datetime</dataType>
  <drillable>false</drillable>
  <sourceColumns>
    <column>
      <dataSourceId>0f4c5621-aa77-4d74-b53d-22c2f6fe411a</dataSourceId>
      <dataSourceName>DataSource1</dataSourceName>
      <schema>dbo</schema>
      <catalog>BIVC_test</catalog>
      <table>City</table>
      <column>visit_time</column>
    </column>
  </sourceColumns>
  <aggregationKeys />
</Column>