<?xml version="1.0"?>
<Column xmlns:xsd="http://www.w3.org/2001/XMLSchema" xmlns:xsi="http://www.w3.org/2001/XMLSchema-instance">
  <id>6a6e09c8-72c9-4167-9489-fd4de7355401</id>
  <name>Column5</name>
  <parentId>9522ee3d-a930-4446-b207-edf6844984a5</parentId>
  <path>/QA_Artur/z_BIVC-dependency_search/Folder5/Column5</path>
  <properties />
  <parameterReferences xsi:nil="true" />
  <filterColumns xsi:nil="true" />
  <calculation>%1</calculation>
  <dataType>datetime</dataType>
  <drillable>false</drillable>
  <sourceColumns>
    <column>
      <dataSourceId>258839bb-1f76-429c-966a-a8b7e5b91603</dataSourceId>
      <dataSourceName>DataSource1</dataSourceName>
      <schema>dbo</schema>
      <catalog>BIVC_test</catalog>
      <table>City</table>
      <column>visit_time</column>
    </column>
  </sourceColumns>
  <aggregationKeys />
</Column>