<?xml version="1.0"?>
<Column xmlns:xsd="http://www.w3.org/2001/XMLSchema" xmlns:xsi="http://www.w3.org/2001/XMLSchema-instance">
  <id>aa4f1d08-9b9b-4691-a2b9-db3b844cf829</id>
  <name>Column1</name>
  <parentId>f8aaea41-05e2-4b04-bd45-be2f9797bb07</parentId>
  <path>/QA_Artur/z_BIVC-dependency_search/Folder2/Column1</path>
  <properties />
  <parameterReferences xsi:nil="true" />
  <filterColumns xsi:nil="true" />
  <calculation>%1</calculation>
  <dataType>integer</dataType>
  <drillable>false</drillable>
  <sourceColumns>
    <column>
      <dataSourceId>d4eb5f8c-670c-4c70-a0ca-9a475bc44b2c</dataSourceId>
      <dataSourceName>DataSource1</dataSourceName>
      <schema>dbo</schema>
      <catalog>BIVC_test</catalog>
      <table>City</table>
      <column>id</column>
    </column>
  </sourceColumns>
  <aggregationKeys />
</Column>