<?xml version="1.0"?>
<Column xmlns:xsd="http://www.w3.org/2001/XMLSchema" xmlns:xsi="http://www.w3.org/2001/XMLSchema-instance">
  <id>8915a295-1b95-41cf-bf8e-880966ff5961</id>
  <name>Column6</name>
  <parentId>3f297bda-2fae-4c36-bdc2-61650c038f88</parentId>
  <path>/z_BIVC-dependency_search/Folder7/Column6</path>
  <properties />
  <parameterReferences xsi:nil="true" />
  <filterColumns xsi:nil="true" />
  <calculation>%1</calculation>
  <dataType>string</dataType>
  <drillable>false</drillable>
  <sourceColumns>
    <column>
      <dataSourceId>0f4c5621-aa77-4d74-b53d-22c2f6fe411a</dataSourceId>
      <dataSourceName>DataSource1</dataSourceName>
      <schema>dbo</schema>
      <catalog>BIVC_test</catalog>
      <table>City</table>
      <column>country_name</column>
    </column>
    <column>
      <dataSourceId>eb16059b-1b38-4f89-bb08-3555ca30a173</dataSourceId>
      <dataSourceName>DataSource2</dataSourceName>
      <schema>dbo</schema>
      <catalog>BIVC_test2</catalog>
      <table>Financial_Sample</table>
      <column>Discounts</column>
    </column>
  </sourceColumns>
  <aggregationKeys />
</Column>