<?xml version="1.0"?>
<Column xmlns:xsd="http://www.w3.org/2001/XMLSchema" xmlns:xsi="http://www.w3.org/2001/XMLSchema-instance">
  <id>b53fe48d-416e-4c27-931b-de6e279b9aa9</id>
  <name>Column2</name>
  <parentId>3edcf0ba-8cae-41e2-82c7-43f6af2254fb</parentId>
  <path>/QA_Artur/z_BIVC-dependency_search/Folder4/Subfolder1/SubFolder2A/SubFolder3/SubFolder4A/Column2</path>
  <properties />
  <parameterReferences xsi:nil="true" />
  <filterColumns xsi:nil="true" />
  <calculation>%1</calculation>
  <dataType>string</dataType>
  <drillable>false</drillable>
  <sourceColumns>
    <column>
      <dataSourceId>258839bb-1f76-429c-966a-a8b7e5b91603</dataSourceId>
      <dataSourceName>DataSource1</dataSourceName>
      <schema>dbo</schema>
      <catalog>BIVC_test</catalog>
      <table>City</table>
      <column>country_name</column>
    </column>
  </sourceColumns>
  <aggregationKeys />
</Column>