<?xml version="1.0"?>
<Column xmlns:xsd="http://www.w3.org/2001/XMLSchema" xmlns:xsi="http://www.w3.org/2001/XMLSchema-instance">
  <id>8ea2ce01-dfce-4b9c-b2e7-c1d47e3db0b8</id>
  <name>Column1</name>
  <parentId>bc836451-7d87-43b1-a929-095dc4a4d272</parentId>
  <path>/z_BIVC-dependency_search/Folder2/Column1</path>
  <properties />
  <parameterReferences xsi:nil="true" />
  <filterColumns xsi:nil="true" />
  <calculation>%1</calculation>
  <dataType>integer</dataType>
  <drillable>false</drillable>
  <sourceColumns>
    <column>
      <dataSourceId>0f4c5621-aa77-4d74-b53d-22c2f6fe411a</dataSourceId>
      <dataSourceName>DataSource1</dataSourceName>
      <schema>dbo</schema>
      <catalog>BIVC_test</catalog>
      <table>City</table>
      <column>id</column>
    </column>
  </sourceColumns>
  <aggregationKeys />
</Column>