<?xml version="1.0"?>
<Column xmlns:xsd="http://www.w3.org/2001/XMLSchema" xmlns:xsi="http://www.w3.org/2001/XMLSchema-instance">
  <id>8db7911c-0c2f-4dea-9086-30ac1443c412</id>
  <name>Column6</name>
  <parentId>57adf55c-1eaa-422e-a4f6-dd1c305507a1</parentId>
  <path>/QA_Artur/z_BIVC-dependency_search/Folder7/Column6</path>
  <properties />
  <parameterReferences xsi:nil="true" />
  <filterColumns xsi:nil="true" />
  <calculation>%1</calculation>
  <dataType>string</dataType>
  <drillable>false</drillable>
  <sourceColumns>
    <column>
      <dataSourceId>258839bb-1f76-429c-966a-a8b7e5b91603</dataSourceId>
      <dataSourceName>DataSource1</dataSourceName>
      <schema>dbo</schema>
      <catalog>BIVC_test</catalog>
      <table>City</table>
      <column>country_name</column>
    </column>
    <column>
      <dataSourceId>3a4aa367-5454-466b-bbec-32232875a45e</dataSourceId>
      <dataSourceName>DataSource2</dataSourceName>
      <schema>dbo</schema>
      <catalog>BIVC_test2</catalog>
      <table>Financial_Sample</table>
      <column>Discounts</column>
    </column>
  </sourceColumns>
  <aggregationKeys />
</Column>