<?xml version="1.0"?>
<Column xmlns:xsd="http://www.w3.org/2001/XMLSchema" xmlns:xsi="http://www.w3.org/2001/XMLSchema-instance">
  <id>ed7cee2a-e128-4325-9063-51d06f6f1b0c</id>
  <name>Column1</name>
  <parentId>2fe7199a-0d8d-42c6-aa18-296d98af4bd0</parentId>
  <path>/QA_Artur/z_BIVC-dependency_search/Folder2/Column1</path>
  <properties />
  <parameterReferences xsi:nil="true" />
  <filterColumns xsi:nil="true" />
  <calculation>%1</calculation>
  <dataType>integer</dataType>
  <drillable>false</drillable>
  <sourceColumns>
    <column>
      <dataSourceId>258839bb-1f76-429c-966a-a8b7e5b91603</dataSourceId>
      <dataSourceName>DataSource1</dataSourceName>
      <schema>dbo</schema>
      <catalog>BIVC_test</catalog>
      <table>City</table>
      <column>id</column>
    </column>
  </sourceColumns>
  <aggregationKeys />
</Column>