<?xml version="1.0"?>
<Filter xmlns:xsd="http://www.w3.org/2001/XMLSchema" xmlns:xsi="http://www.w3.org/2001/XMLSchema-instance">
  <id>7084eb89-d60f-4f77-9cf8-eb0eab00c217</id>
  <name>Filter1</name>
  <parentId>8bde5795-65d8-4b02-b87d-5dd643dfd02d</parentId>
  <path>/QA_Artur/z_BIVC-dependency_search/Folder11/Filter1</path>
  <properties />
  <parameterReferences xsi:nil="true" />
  <filterExpression>%1</filterExpression>
  <filterColumns>
    <column>
      <dataSourceId>d4eb5f8c-670c-4c70-a0ca-9a475bc44b2c</dataSourceId>
      <dataSourceName>DataSource1</dataSourceName>
      <schema>dbo</schema>
      <catalog>BIVC_test</catalog>
      <table>City</table>
      <column>id</column>
    </column>
    <column>
      <dataSourceId>291d25a5-d066-4a19-9237-e3b3b07d5cd3</dataSourceId>
      <dataSourceName>DataSource2</dataSourceName>
      <schema>dbo</schema>
      <catalog>BIVC_test2</catalog>
      <table>Financial_Sample</table>
      <column>Discounts</column>
    </column>
  </filterColumns>
</Filter>