<?xml version="1.0"?>
<Filter xmlns:xsd="http://www.w3.org/2001/XMLSchema" xmlns:xsi="http://www.w3.org/2001/XMLSchema-instance">
  <id>0f61f288-597f-4454-809b-dae98f2ff8ff</id>
  <name>Filter1</name>
  <parentId>5d19d08d-ccc9-4bd9-b1e2-1158b30000fb</parentId>
  <path>/z_BIVC-dependency_search/Folder11/Filter1</path>
  <properties />
  <parameterReferences xsi:nil="true" />
  <filterExpression>%1</filterExpression>
  <filterColumns>
    <column>
      <dataSourceId>0f4c5621-aa77-4d74-b53d-22c2f6fe411a</dataSourceId>
      <dataSourceName>DataSource1</dataSourceName>
      <schema>dbo</schema>
      <catalog>BIVC_test</catalog>
      <table>City</table>
      <column>id</column>
    </column>
    <column>
      <dataSourceId>eb16059b-1b38-4f89-bb08-3555ca30a173</dataSourceId>
      <dataSourceName>DataSource2</dataSourceName>
      <schema>dbo</schema>
      <catalog>BIVC_test2</catalog>
      <table>Financial_Sample</table>
      <column>Discounts</column>
    </column>
  </filterColumns>
</Filter>