<?xml version="1.0"?>
<Filter xmlns:xsd="http://www.w3.org/2001/XMLSchema" xmlns:xsi="http://www.w3.org/2001/XMLSchema-instance">
  <id>be807b3b-4c9e-459f-8c2d-d5e7eb862a0f</id>
  <name>Filter1</name>
  <parentId>67e67ccd-1dd4-40f5-903b-49e0b86b274f</parentId>
  <path>/QA_Artur/z_BIVC-dependency_search/Folder11/Filter1</path>
  <properties />
  <parameterReferences xsi:nil="true" />
  <filterExpression>%1</filterExpression>
  <filterColumns>
    <column>
      <dataSourceId>258839bb-1f76-429c-966a-a8b7e5b91603</dataSourceId>
      <dataSourceName>DataSource1</dataSourceName>
      <schema>dbo</schema>
      <catalog>BIVC_test</catalog>
      <table>City</table>
      <column>id</column>
    </column>
    <column>
      <dataSourceId>3a4aa367-5454-466b-bbec-32232875a45e</dataSourceId>
      <dataSourceName>DataSource2</dataSourceName>
      <schema>dbo</schema>
      <catalog>BIVC_test2</catalog>
      <table>Financial_Sample</table>
      <column>Discounts</column>
    </column>
  </filterColumns>
</Filter>