<?xml version="1.0"?>
<InformationLink xmlns:xsd="http://www.w3.org/2001/XMLSchema" xmlns:xsi="http://www.w3.org/2001/XMLSchema-instance">
  <id>3654f366-61e3-406b-87e6-8b552d4097ed</id>
  <name>Information link2</name>
  <parentId>5d8678f8-575e-4085-a26f-54b36531b097</parentId>
  <path>/z_BIVC-dependency_search/Folder14/Information link2</path>
  <properties>
    <property>
      <key>InformationLinkReference</key>
      <value>3654f366-61e3-406b-87e6-8b552d4097ed</value>
    </property>
  </properties>
  <parameterReferences />
  <elementRefs>
    <reference>
      <elementId>0f61f288-597f-4454-809b-dae98f2ff8ff</elementId>
      <hidden>false</hidden>
      <promptGroup>0</promptGroup>
      <properties>
        <property>
          <key>Spotfire.Group</key>
          <value>0</value>
        </property>
      </properties>
    </reference>
    <reference>
      <elementId>8ea2ce01-dfce-4b9c-b2e7-c1d47e3db0b8</elementId>
      <hidden>false</hidden>
      <promptGroup>0</promptGroup>
      <properties>
        <property>
          <key>Spotfire.Group</key>
          <value>0</value>
        </property>
      </properties>
    </reference>
  </elementRefs>
  <joins>
    <join>f5e84d13-157c-45ec-92ba-f9a3898f13ea</join>
  </joins>
  <SQL />
  <preProcedureRefs />
  <postProcedureRefs />
  <staticFilters xsi:nil="true" />
  <promptableFilters xsi:nil="true" />
  <namedParameterDefinitions />
</InformationLink>