<?xml version="1.0"?>
<InformationLink xmlns:xsd="http://www.w3.org/2001/XMLSchema" xmlns:xsi="http://www.w3.org/2001/XMLSchema-instance">
  <id>7d06944b-200d-484f-9897-f1dbd1ec4a85</id>
  <name>Information link1</name>
  <parentId>1e5eeb92-8d03-4ae3-ba51-42316b79e3b9</parentId>
  <path>/QA_Artur/z_BIVC-dependency_search/Folder3/Information link1</path>
  <properties>
    <property>
      <key>InformationLinkReference</key>
      <value>7d06944b-200d-484f-9897-f1dbd1ec4a85</value>
    </property>
  </properties>
  <parameterReferences />
  <elementRefs>
    <reference>
      <elementId>ed7cee2a-e128-4325-9063-51d06f6f1b0c</elementId>
      <hidden>false</hidden>
      <promptGroup>0</promptGroup>
      <properties>
        <property>
          <key>Spotfire.Group</key>
          <value>0</value>
        </property>
      </properties>
    </reference>
  </elementRefs>
  <joins />
  <SQL />
  <preProcedureRefs />
  <postProcedureRefs />
  <staticFilters xsi:nil="true" />
  <promptableFilters xsi:nil="true" />
  <namedParameterDefinitions />
</InformationLink>