<?xml version="1.0"?>
<InformationLink xmlns:xsd="http://www.w3.org/2001/XMLSchema" xmlns:xsi="http://www.w3.org/2001/XMLSchema-instance">
  <id>c4341e95-f5b1-44ee-afe8-55cb59d81bdf</id>
  <name>Information link3</name>
  <parentId>c36ca96e-05a1-4901-a729-ee4a9e62128b</parentId>
  <path>/QA_Artur/z_BIVC-dependency_search/Folder15/Information link3</path>
  <properties>
    <property>
      <key>InformationLinkReference</key>
      <value>c4341e95-f5b1-44ee-afe8-55cb59d81bdf</value>
    </property>
  </properties>
  <parameterReferences />
  <elementRefs>
    <reference>
      <elementId>be807b3b-4c9e-459f-8c2d-d5e7eb862a0f</elementId>
      <hidden>false</hidden>
      <promptGroup>0</promptGroup>
      <properties>
        <property>
          <key>Spotfire.Group</key>
          <value>0</value>
        </property>
      </properties>
    </reference>
    <reference>
      <elementId>ed7cee2a-e128-4325-9063-51d06f6f1b0c</elementId>
      <hidden>false</hidden>
      <promptGroup>0</promptGroup>
      <properties>
        <property>
          <key>Spotfire.Group</key>
          <value>0</value>
        </property>
      </properties>
    </reference>
  </elementRefs>
  <joins>
    <join>8d7527f7-51d3-45f8-a8e6-23243369ed45</join>
  </joins>
  <SQL />
  <preProcedureRefs>
    <reference>1bbd55d6-3063-4681-8357-13249b774a8e</reference>
    <reference>ce77fc10-2ccc-4dfc-8476-04baabc154af</reference>
  </preProcedureRefs>
  <postProcedureRefs>
    <reference>91d91d84-7a9f-4432-9f29-d9914eff4729</reference>
  </postProcedureRefs>
  <staticFilters xsi:nil="true" />
  <promptableFilters xsi:nil="true" />
  <namedParameterDefinitions />
</InformationLink>