<?xml version="1.0"?>
<InformationLink xmlns:xsd="http://www.w3.org/2001/XMLSchema" xmlns:xsi="http://www.w3.org/2001/XMLSchema-instance">
  <id>a429d3eb-35b6-4597-b1e1-c0c810d51294</id>
  <name>Information link2</name>
  <parentId>addc5765-488f-4158-ab1a-b555bbc94760</parentId>
  <path>/QA_Artur/z_BIVC-dependency_search/Folder14/Information link2</path>
  <properties>
    <property>
      <key>InformationLinkReference</key>
      <value>a429d3eb-35b6-4597-b1e1-c0c810d51294</value>
    </property>
  </properties>
  <parameterReferences />
  <elementRefs>
    <reference>
      <elementId>7084eb89-d60f-4f77-9cf8-eb0eab00c217</elementId>
      <hidden>false</hidden>
      <promptGroup>0</promptGroup>
      <properties>
        <property>
          <key>Spotfire.Group</key>
          <value>0</value>
        </property>
      </properties>
    </reference>
    <reference>
      <elementId>aa4f1d08-9b9b-4691-a2b9-db3b844cf829</elementId>
      <hidden>false</hidden>
      <promptGroup>0</promptGroup>
      <properties>
        <property>
          <key>Spotfire.Group</key>
          <value>0</value>
        </property>
      </properties>
    </reference>
  </elementRefs>
  <joins>
    <join>d3339637-bdcc-4243-b43b-acfe79c7b804</join>
  </joins>
  <SQL />
  <preProcedureRefs />
  <postProcedureRefs />
  <staticFilters xsi:nil="true" />
  <promptableFilters xsi:nil="true" />
  <namedParameterDefinitions />
</InformationLink>