<?xml version="1.0"?>
<InformationLink xmlns:xsd="http://www.w3.org/2001/XMLSchema" xmlns:xsi="http://www.w3.org/2001/XMLSchema-instance">
  <id>ed12929a-9ff3-4c23-8320-8ae79a440e3d</id>
  <name>Information link2</name>
  <parentId>c5134dd2-fa14-4f1d-9a04-64a0559b1644</parentId>
  <path>/QA_Artur/z_BIVC-dependency_search/Folder14/Information link2</path>
  <properties>
    <property>
      <key>InformationLinkReference</key>
      <value>ed12929a-9ff3-4c23-8320-8ae79a440e3d</value>
    </property>
  </properties>
  <parameterReferences />
  <elementRefs>
    <reference>
      <elementId>be807b3b-4c9e-459f-8c2d-d5e7eb862a0f</elementId>
      <hidden>false</hidden>
      <promptGroup>0</promptGroup>
      <properties>
        <property>
          <key>Spotfire.Group</key>
          <value>0</value>
        </property>
      </properties>
    </reference>
    <reference>
      <elementId>ed7cee2a-e128-4325-9063-51d06f6f1b0c</elementId>
      <hidden>false</hidden>
      <promptGroup>0</promptGroup>
      <properties>
        <property>
          <key>Spotfire.Group</key>
          <value>0</value>
        </property>
      </properties>
    </reference>
  </elementRefs>
  <joins>
    <join>8d7527f7-51d3-45f8-a8e6-23243369ed45</join>
  </joins>
  <SQL />
  <preProcedureRefs />
  <postProcedureRefs />
  <staticFilters xsi:nil="true" />
  <promptableFilters xsi:nil="true" />
  <namedParameterDefinitions />
</InformationLink>