<?xml version="1.0"?>
<InformationLink xmlns:xsd="http://www.w3.org/2001/XMLSchema" xmlns:xsi="http://www.w3.org/2001/XMLSchema-instance">
  <id>16dc7f65-052b-42de-9934-9a6b569f9325</id>
  <name>Information link1</name>
  <parentId>6e3c4354-6949-4cb2-b20c-4d656cdfeb7d</parentId>
  <path>/z_BIVC-dependency_search/Folder3/Information link1</path>
  <properties>
    <property>
      <key>InformationLinkReference</key>
      <value>16dc7f65-052b-42de-9934-9a6b569f9325</value>
    </property>
  </properties>
  <parameterReferences />
  <elementRefs>
    <reference>
      <elementId>8ea2ce01-dfce-4b9c-b2e7-c1d47e3db0b8</elementId>
      <hidden>false</hidden>
      <promptGroup>0</promptGroup>
      <properties>
        <property>
          <key>Spotfire.Group</key>
          <value>0</value>
        </property>
      </properties>
    </reference>
  </elementRefs>
  <joins />
  <SQL />
  <preProcedureRefs />
  <postProcedureRefs />
  <staticFilters xsi:nil="true" />
  <promptableFilters xsi:nil="true" />
  <namedParameterDefinitions />
</InformationLink>