<?xml version="1.0"?>
<InformationLink xmlns:xsd="http://www.w3.org/2001/XMLSchema" xmlns:xsi="http://www.w3.org/2001/XMLSchema-instance">
  <id>2b598889-f1c5-4f01-a0d8-26e7e737870d</id>
  <name>Information link3</name>
  <parentId>5ed22120-83c2-4f52-a1a0-b0224c50d5a4</parentId>
  <path>/z_BIVC-dependency_search/Folder15/Information link3</path>
  <properties>
    <property>
      <key>InformationLinkReference</key>
      <value>2b598889-f1c5-4f01-a0d8-26e7e737870d</value>
    </property>
  </properties>
  <parameterReferences />
  <elementRefs>
    <reference>
      <elementId>0f61f288-597f-4454-809b-dae98f2ff8ff</elementId>
      <hidden>false</hidden>
      <promptGroup>0</promptGroup>
      <properties>
        <property>
          <key>Spotfire.Group</key>
          <value>0</value>
        </property>
      </properties>
    </reference>
    <reference>
      <elementId>8ea2ce01-dfce-4b9c-b2e7-c1d47e3db0b8</elementId>
      <hidden>false</hidden>
      <promptGroup>0</promptGroup>
      <properties>
        <property>
          <key>Spotfire.Group</key>
          <value>0</value>
        </property>
      </properties>
    </reference>
  </elementRefs>
  <joins>
    <join>f5e84d13-157c-45ec-92ba-f9a3898f13ea</join>
  </joins>
  <SQL />
  <preProcedureRefs>
    <reference>e0ae3603-001c-48d6-8ac3-acf48909a9b6</reference>
    <reference>49cbb8ff-2e57-40f2-8efc-d151081cb297</reference>
  </preProcedureRefs>
  <postProcedureRefs>
    <reference>c75b7ade-9ee0-4acd-9527-cb54d37d1654</reference>
  </postProcedureRefs>
  <staticFilters xsi:nil="true" />
  <promptableFilters xsi:nil="true" />
  <namedParameterDefinitions />
</InformationLink>