<?xml version="1.0"?>
<InformationLink xmlns:xsd="http://www.w3.org/2001/XMLSchema" xmlns:xsi="http://www.w3.org/2001/XMLSchema-instance">
  <id>d483ee7d-0749-4e3b-99cf-6657606482be</id>
  <name>Information link3</name>
  <parentId>717f32a1-5361-4936-a43b-f4954c3c73f1</parentId>
  <path>/QA_Artur/z_BIVC-dependency_search/Folder15/Information link3</path>
  <properties>
    <property>
      <key>InformationLinkReference</key>
      <value>d483ee7d-0749-4e3b-99cf-6657606482be</value>
    </property>
  </properties>
  <parameterReferences />
  <elementRefs>
    <reference>
      <elementId>7084eb89-d60f-4f77-9cf8-eb0eab00c217</elementId>
      <hidden>false</hidden>
      <promptGroup>0</promptGroup>
      <properties>
        <property>
          <key>Spotfire.Group</key>
          <value>0</value>
        </property>
      </properties>
    </reference>
    <reference>
      <elementId>aa4f1d08-9b9b-4691-a2b9-db3b844cf829</elementId>
      <hidden>false</hidden>
      <promptGroup>0</promptGroup>
      <properties>
        <property>
          <key>Spotfire.Group</key>
          <value>0</value>
        </property>
      </properties>
    </reference>
  </elementRefs>
  <joins>
    <join>d3339637-bdcc-4243-b43b-acfe79c7b804</join>
  </joins>
  <SQL />
  <preProcedureRefs>
    <reference>a0e50c2d-9fca-4b68-934c-788a0474f6a3</reference>
    <reference>6873033f-87c5-4b22-82cf-37d36f6cf3f7</reference>
  </preProcedureRefs>
  <postProcedureRefs>
    <reference>ba6f996f-238c-4373-a0f4-1412fe8b97dc</reference>
  </postProcedureRefs>
  <staticFilters xsi:nil="true" />
  <promptableFilters xsi:nil="true" />
  <namedParameterDefinitions />
</InformationLink>