<?xml version="1.0"?>
<InformationLink xmlns:xsd="http://www.w3.org/2001/XMLSchema" xmlns:xsi="http://www.w3.org/2001/XMLSchema-instance">
  <id>d02b8895-1ae1-48c4-bc5a-f12e2c2b089c</id>
  <name>Information link1</name>
  <parentId>7323d2b7-29c7-4251-a46a-333c60b7e5e8</parentId>
  <path>/QA_Artur/z_BIVC-dependency_search/Folder3/Information link1</path>
  <properties>
    <property>
      <key>InformationLinkReference</key>
      <value>d02b8895-1ae1-48c4-bc5a-f12e2c2b089c</value>
    </property>
  </properties>
  <parameterReferences />
  <elementRefs>
    <reference>
      <elementId>aa4f1d08-9b9b-4691-a2b9-db3b844cf829</elementId>
      <hidden>false</hidden>
      <promptGroup>0</promptGroup>
      <properties>
        <property>
          <key>Spotfire.Group</key>
          <value>0</value>
        </property>
      </properties>
    </reference>
  </elementRefs>
  <joins />
  <SQL />
  <preProcedureRefs />
  <postProcedureRefs />
  <staticFilters xsi:nil="true" />
  <promptableFilters xsi:nil="true" />
  <namedParameterDefinitions />
</InformationLink>