<?xml version="1.0"?>
<Join xmlns:xsd="http://www.w3.org/2001/XMLSchema" xmlns:xsi="http://www.w3.org/2001/XMLSchema-instance">
  <id>8d7527f7-51d3-45f8-a8e6-23243369ed45</id>
  <name>Join1</name>
  <parentId>31d6f28d-6a88-4f2f-8d6f-55196cbd94b3</parentId>
  <path>/QA_Artur/z_BIVC-dependency_search/Folder12/Join1</path>
  <properties />
  <parameterReferences xsi:nil="true" />
  <joinCondition>
    <joinType>InnerJoin</joinType>
    <freehandExpression>%1 = %2</freehandExpression>
    <joinColumns>
      <column>
        <dataSourceId>258839bb-1f76-429c-966a-a8b7e5b91603</dataSourceId>
        <dataSourceName>DataSource1</dataSourceName>
        <schema>dbo</schema>
        <catalog>BIVC_test</catalog>
        <table>City</table>
        <column>id</column>
      </column>
      <column>
        <dataSourceId>3a4aa367-5454-466b-bbec-32232875a45e</dataSourceId>
        <dataSourceName>DataSource2</dataSourceName>
        <schema>dbo</schema>
        <catalog>BIVC_test2</catalog>
        <table>Financial_Sample</table>
        <column>Profit</column>
      </column>
    </joinColumns>
  </joinCondition>
  <defaultJoin>false</defaultJoin>
  <targetTables>
    <table>
      <dataSourceId>258839bb-1f76-429c-966a-a8b7e5b91603</dataSourceId>
      <dataSourceName>DataSource1</dataSourceName>
      <schema>dbo</schema>
      <catalog>BIVC_test</catalog>
      <table>City</table>
    </table>
    <table>
      <dataSourceId>3a4aa367-5454-466b-bbec-32232875a45e</dataSourceId>
      <dataSourceName>DataSource2</dataSourceName>
      <schema>dbo</schema>
      <catalog>BIVC_test2</catalog>
      <table>Financial_Sample</table>
    </table>
  </targetTables>
</Join>