<?xml version="1.0"?>
<Join xmlns:xsd="http://www.w3.org/2001/XMLSchema" xmlns:xsi="http://www.w3.org/2001/XMLSchema-instance">
  <id>0f8687ec-d3c5-4d26-bae0-bd165244f8e3</id>
  <name>Join2</name>
  <parentId>2d40a893-4c00-4a82-8701-3c6b522329ab</parentId>
  <path>/QA_Artur/z_BIVC-dependency_search/Folder13/Join2</path>
  <properties />
  <parameterReferences xsi:nil="true" />
  <joinCondition>
    <joinType>InnerJoin</joinType>
    <freehandExpression>%1 = %2</freehandExpression>
    <joinColumns>
      <column>
        <dataSourceId>258839bb-1f76-429c-966a-a8b7e5b91603</dataSourceId>
        <dataSourceName>DataSource1</dataSourceName>
        <schema>dbo</schema>
        <catalog>BIVC_test</catalog>
        <table>City</table>
        <column>city_name</column>
      </column>
      <column>
        <dataSourceId>258839bb-1f76-429c-966a-a8b7e5b91603</dataSourceId>
        <dataSourceName>DataSource1</dataSourceName>
        <schema>dbo</schema>
        <catalog>BIVC_test2</catalog>
        <table>Financial_Sample</table>
        <column>Manufacturing Price</column>
      </column>
    </joinColumns>
  </joinCondition>
  <defaultJoin>false</defaultJoin>
  <targetTables>
    <table>
      <dataSourceId>258839bb-1f76-429c-966a-a8b7e5b91603</dataSourceId>
      <dataSourceName>DataSource1</dataSourceName>
      <schema>dbo</schema>
      <catalog>BIVC_test</catalog>
      <table>City</table>
    </table>
    <table>
      <dataSourceId>258839bb-1f76-429c-966a-a8b7e5b91603</dataSourceId>
      <dataSourceName>DataSource1</dataSourceName>
      <schema>dbo</schema>
      <catalog>BIVC_test2</catalog>
      <table>Financial_Sample</table>
    </table>
  </targetTables>
</Join>