<?xml version="1.0"?>
<Join xmlns:xsd="http://www.w3.org/2001/XMLSchema" xmlns:xsi="http://www.w3.org/2001/XMLSchema-instance">
  <id>29f73867-c592-47bc-a783-887144d4016f</id>
  <name>Join2</name>
  <parentId>f8ddd436-d64b-4513-ab84-56b3e71438e6</parentId>
  <path>/QA_Artur/z_BIVC-dependency_search/Folder13/Join2</path>
  <properties />
  <parameterReferences xsi:nil="true" />
  <joinCondition>
    <joinType>InnerJoin</joinType>
    <freehandExpression>%1 = %2</freehandExpression>
    <joinColumns>
      <column>
        <dataSourceId>d4eb5f8c-670c-4c70-a0ca-9a475bc44b2c</dataSourceId>
        <dataSourceName>DataSource1</dataSourceName>
        <schema>dbo</schema>
        <catalog>BIVC_test</catalog>
        <table>City</table>
        <column>city_name</column>
      </column>
      <column>
        <dataSourceId>d4eb5f8c-670c-4c70-a0ca-9a475bc44b2c</dataSourceId>
        <dataSourceName>DataSource1</dataSourceName>
        <schema>dbo</schema>
        <catalog>BIVC_test2</catalog>
        <table>Financial_Sample</table>
        <column>Manufacturing Price</column>
      </column>
    </joinColumns>
  </joinCondition>
  <defaultJoin>false</defaultJoin>
  <targetTables>
    <table>
      <dataSourceId>d4eb5f8c-670c-4c70-a0ca-9a475bc44b2c</dataSourceId>
      <dataSourceName>DataSource1</dataSourceName>
      <schema>dbo</schema>
      <catalog>BIVC_test</catalog>
      <table>City</table>
    </table>
    <table>
      <dataSourceId>d4eb5f8c-670c-4c70-a0ca-9a475bc44b2c</dataSourceId>
      <dataSourceName>DataSource1</dataSourceName>
      <schema>dbo</schema>
      <catalog>BIVC_test2</catalog>
      <table>Financial_Sample</table>
    </table>
  </targetTables>
</Join>