<?xml version="1.0"?>
<Join xmlns:xsd="http://www.w3.org/2001/XMLSchema" xmlns:xsi="http://www.w3.org/2001/XMLSchema-instance">
  <id>4aee158d-46e2-4808-acdb-a9b24b5f1fa0</id>
  <name>Join2</name>
  <parentId>6a39a7fa-6f81-4cf4-8f8f-0a15da8b49a3</parentId>
  <path>/z_BIVC-dependency_search/Folder13/Join2</path>
  <properties />
  <parameterReferences xsi:nil="true" />
  <joinCondition>
    <joinType>InnerJoin</joinType>
    <freehandExpression>%1 = %2</freehandExpression>
    <joinColumns>
      <column>
        <dataSourceId>0f4c5621-aa77-4d74-b53d-22c2f6fe411a</dataSourceId>
        <dataSourceName>DataSource1</dataSourceName>
        <schema>dbo</schema>
        <catalog>BIVC_test</catalog>
        <table>City</table>
        <column>city_name</column>
      </column>
      <column>
        <dataSourceId>0f4c5621-aa77-4d74-b53d-22c2f6fe411a</dataSourceId>
        <dataSourceName>DataSource1</dataSourceName>
        <schema>dbo</schema>
        <catalog>BIVC_test2</catalog>
        <table>Financial_Sample</table>
        <column>Manufacturing Price</column>
      </column>
    </joinColumns>
  </joinCondition>
  <defaultJoin>false</defaultJoin>
  <targetTables>
    <table>
      <dataSourceId>0f4c5621-aa77-4d74-b53d-22c2f6fe411a</dataSourceId>
      <dataSourceName>DataSource1</dataSourceName>
      <schema>dbo</schema>
      <catalog>BIVC_test</catalog>
      <table>City</table>
    </table>
    <table>
      <dataSourceId>0f4c5621-aa77-4d74-b53d-22c2f6fe411a</dataSourceId>
      <dataSourceName>DataSource1</dataSourceName>
      <schema>dbo</schema>
      <catalog>BIVC_test2</catalog>
      <table>Financial_Sample</table>
    </table>
  </targetTables>
</Join>