<?xml version="1.0"?>
<Join xmlns:xsd="http://www.w3.org/2001/XMLSchema" xmlns:xsi="http://www.w3.org/2001/XMLSchema-instance">
  <id>d3339637-bdcc-4243-b43b-acfe79c7b804</id>
  <name>Join1</name>
  <parentId>d9b2a19a-5111-4a3a-b8f8-ba1155d30437</parentId>
  <path>/QA_Artur/z_BIVC-dependency_search/Folder12/Join1</path>
  <properties />
  <parameterReferences xsi:nil="true" />
  <joinCondition>
    <joinType>InnerJoin</joinType>
    <freehandExpression>%1 = %2</freehandExpression>
    <joinColumns>
      <column>
        <dataSourceId>d4eb5f8c-670c-4c70-a0ca-9a475bc44b2c</dataSourceId>
        <dataSourceName>DataSource1</dataSourceName>
        <schema>dbo</schema>
        <catalog>BIVC_test</catalog>
        <table>City</table>
        <column>id</column>
      </column>
      <column>
        <dataSourceId>291d25a5-d066-4a19-9237-e3b3b07d5cd3</dataSourceId>
        <dataSourceName>DataSource2</dataSourceName>
        <schema>dbo</schema>
        <catalog>BIVC_test2</catalog>
        <table>Financial_Sample</table>
        <column>Profit</column>
      </column>
    </joinColumns>
  </joinCondition>
  <defaultJoin>false</defaultJoin>
  <targetTables>
    <table>
      <dataSourceId>d4eb5f8c-670c-4c70-a0ca-9a475bc44b2c</dataSourceId>
      <dataSourceName>DataSource1</dataSourceName>
      <schema>dbo</schema>
      <catalog>BIVC_test</catalog>
      <table>City</table>
    </table>
    <table>
      <dataSourceId>291d25a5-d066-4a19-9237-e3b3b07d5cd3</dataSourceId>
      <dataSourceName>DataSource2</dataSourceName>
      <schema>dbo</schema>
      <catalog>BIVC_test2</catalog>
      <table>Financial_Sample</table>
    </table>
  </targetTables>
</Join>