<?xml version="1.0"?>
<Procedure xmlns:xsd="http://www.w3.org/2001/XMLSchema" xmlns:xsi="http://www.w3.org/2001/XMLSchema-instance">
  <id>91d91d84-7a9f-4432-9f29-d9914eff4729</id>
  <name>Procedure3</name>
  <parentId>45c94c1b-c3b8-44d4-af4f-1cc5b2643bad</parentId>
  <path>/QA_Artur/z_BIVC-dependency_search/Folder10/Procedure3</path>
  <properties />
  <parameterReferences xsi:nil="true" />
  <procedureType>Post</procedureType>
  <sourceProcedure>
    <dataSourceId>258839bb-1f76-429c-966a-a8b7e5b91603</dataSourceId>
    <dataSourceName>DataSource1</dataSourceName>
    <schema>sys</schema>
    <catalog>BIVC_test</catalog>
    <procedure>sp_check_log_shipping_monitor_alert</procedure>
  </sourceProcedure>
  <includeAllResultColumns>false</includeAllResultColumns>
  <parameters />
  <resultColumns />
</Procedure>