<?xml version="1.0"?>
<Procedure xmlns:xsd="http://www.w3.org/2001/XMLSchema" xmlns:xsi="http://www.w3.org/2001/XMLSchema-instance">
  <id>c75b7ade-9ee0-4acd-9527-cb54d37d1654</id>
  <name>Procedure3</name>
  <parentId>9645df4f-5ba4-40e2-bc18-a2070ddd2ae6</parentId>
  <path>/z_BIVC-dependency_search/Folder10/Procedure3</path>
  <properties />
  <parameterReferences xsi:nil="true" />
  <procedureType>Post</procedureType>
  <sourceProcedure>
    <dataSourceId>0f4c5621-aa77-4d74-b53d-22c2f6fe411a</dataSourceId>
    <dataSourceName>DataSource1</dataSourceName>
    <schema>sys</schema>
    <catalog>BIVC_test</catalog>
    <procedure>sp_check_log_shipping_monitor_alert</procedure>
  </sourceProcedure>
  <includeAllResultColumns>false</includeAllResultColumns>
  <parameters />
  <resultColumns />
</Procedure>