<?xml version="1.0"?>
<Procedure xmlns:xsd="http://www.w3.org/2001/XMLSchema" xmlns:xsi="http://www.w3.org/2001/XMLSchema-instance">
  <id>ba6f996f-238c-4373-a0f4-1412fe8b97dc</id>
  <name>Procedure3</name>
  <parentId>8b3217b5-a6b6-456c-877d-bf774bf16c39</parentId>
  <path>/QA_Artur/z_BIVC-dependency_search/Folder10/Procedure3</path>
  <properties />
  <parameterReferences xsi:nil="true" />
  <procedureType>Post</procedureType>
  <sourceProcedure>
    <dataSourceId>d4eb5f8c-670c-4c70-a0ca-9a475bc44b2c</dataSourceId>
    <dataSourceName>DataSource1</dataSourceName>
    <schema>sys</schema>
    <catalog>BIVC_test</catalog>
    <procedure>sp_check_log_shipping_monitor_alert</procedure>
  </sourceProcedure>
  <includeAllResultColumns>false</includeAllResultColumns>
  <parameters />
  <resultColumns />
</Procedure>