<?xml version="1.0"?>
<Procedure xmlns:xsd="http://www.w3.org/2001/XMLSchema" xmlns:xsi="http://www.w3.org/2001/XMLSchema-instance">
  <id>ce77fc10-2ccc-4dfc-8476-04baabc154af</id>
  <name>Procedure2</name>
  <parentId>bb73dc0d-6ad1-4f53-8340-82d3d3fc4b92</parentId>
  <path>/QA_Artur/z_BIVC-dependency_search/Folder9/Procedure2</path>
  <properties />
  <parameterReferences xsi:nil="true" />
  <procedureType>Pre</procedureType>
  <sourceProcedure>
    <dataSourceId>258839bb-1f76-429c-966a-a8b7e5b91603</dataSourceId>
    <dataSourceName>DataSource1</dataSourceName>
    <schema>sys</schema>
    <catalog>BIVC_test</catalog>
    <procedure>sp_check_constbytable_rowset2</procedure>
  </sourceProcedure>
  <includeAllResultColumns>false</includeAllResultColumns>
  <parameters>
    <parameter>
      <elementId>ce77fc10-2ccc-4dfc-8476-04baabc154af</elementId>
      <parameterId>@table_schema</parameterId>
      <dataType>string</dataType>
      <nullable>false</nullable>
      <values xsi:nil="true" />
      <parameters xsi:nil="true" />
    </parameter>
    <parameter>
      <elementId>ce77fc10-2ccc-4dfc-8476-04baabc154af</elementId>
      <parameterId>@constraint_name</parameterId>
      <dataType>string</dataType>
      <nullable>false</nullable>
      <values xsi:nil="true" />
      <parameters xsi:nil="true" />
    </parameter>
    <parameter>
      <elementId>ce77fc10-2ccc-4dfc-8476-04baabc154af</elementId>
      <parameterId>@constraint_schema</parameterId>
      <dataType>string</dataType>
      <nullable>false</nullable>
      <values xsi:nil="true" />
      <parameters xsi:nil="true" />
    </parameter>
  </parameters>
  <resultColumns />
</Procedure>