<?xml version="1.0"?>
<Procedure xmlns:xsd="http://www.w3.org/2001/XMLSchema" xmlns:xsi="http://www.w3.org/2001/XMLSchema-instance">
  <id>6873033f-87c5-4b22-82cf-37d36f6cf3f7</id>
  <name>Procedure2</name>
  <parentId>2ee7dd4b-0725-46b9-b966-ddcce0b43aab</parentId>
  <path>/QA_Artur/z_BIVC-dependency_search/Folder9/Procedure2</path>
  <properties />
  <parameterReferences xsi:nil="true" />
  <procedureType>Pre</procedureType>
  <sourceProcedure>
    <dataSourceId>d4eb5f8c-670c-4c70-a0ca-9a475bc44b2c</dataSourceId>
    <dataSourceName>DataSource1</dataSourceName>
    <schema>sys</schema>
    <catalog>BIVC_test</catalog>
    <procedure>sp_check_constbytable_rowset2</procedure>
  </sourceProcedure>
  <includeAllResultColumns>false</includeAllResultColumns>
  <parameters>
    <parameter>
      <elementId>6873033f-87c5-4b22-82cf-37d36f6cf3f7</elementId>
      <parameterId>@table_schema</parameterId>
      <dataType>string</dataType>
      <nullable>false</nullable>
      <values xsi:nil="true" />
      <parameters xsi:nil="true" />
    </parameter>
    <parameter>
      <elementId>6873033f-87c5-4b22-82cf-37d36f6cf3f7</elementId>
      <parameterId>@constraint_name</parameterId>
      <dataType>string</dataType>
      <nullable>false</nullable>
      <values xsi:nil="true" />
      <parameters xsi:nil="true" />
    </parameter>
    <parameter>
      <elementId>6873033f-87c5-4b22-82cf-37d36f6cf3f7</elementId>
      <parameterId>@constraint_schema</parameterId>
      <dataType>string</dataType>
      <nullable>false</nullable>
      <values xsi:nil="true" />
      <parameters xsi:nil="true" />
    </parameter>
  </parameters>
  <resultColumns />
</Procedure>