<?xml version="1.0"?>
<Procedure xmlns:xsd="http://www.w3.org/2001/XMLSchema" xmlns:xsi="http://www.w3.org/2001/XMLSchema-instance">
  <id>49cbb8ff-2e57-40f2-8efc-d151081cb297</id>
  <name>Procedure2</name>
  <parentId>13748ae9-b206-4216-a267-524887672b7b</parentId>
  <path>/z_BIVC-dependency_search/Folder9/Procedure2</path>
  <properties />
  <parameterReferences xsi:nil="true" />
  <procedureType>Pre</procedureType>
  <sourceProcedure>
    <dataSourceId>0f4c5621-aa77-4d74-b53d-22c2f6fe411a</dataSourceId>
    <dataSourceName>DataSource1</dataSourceName>
    <schema>sys</schema>
    <catalog>BIVC_test</catalog>
    <procedure>sp_check_constbytable_rowset2</procedure>
  </sourceProcedure>
  <includeAllResultColumns>false</includeAllResultColumns>
  <parameters>
    <parameter>
      <elementId>49cbb8ff-2e57-40f2-8efc-d151081cb297</elementId>
      <parameterId>@table_schema</parameterId>
      <dataType>string</dataType>
      <nullable>false</nullable>
      <values xsi:nil="true" />
      <parameters xsi:nil="true" />
    </parameter>
    <parameter>
      <elementId>49cbb8ff-2e57-40f2-8efc-d151081cb297</elementId>
      <parameterId>@constraint_name</parameterId>
      <dataType>string</dataType>
      <nullable>false</nullable>
      <values xsi:nil="true" />
      <parameters xsi:nil="true" />
    </parameter>
    <parameter>
      <elementId>49cbb8ff-2e57-40f2-8efc-d151081cb297</elementId>
      <parameterId>@constraint_schema</parameterId>
      <dataType>string</dataType>
      <nullable>false</nullable>
      <values xsi:nil="true" />
      <parameters xsi:nil="true" />
    </parameter>
  </parameters>
  <resultColumns />
</Procedure>