<?xml version="1.0"?>
<Procedure xmlns:xsd="http://www.w3.org/2001/XMLSchema" xmlns:xsi="http://www.w3.org/2001/XMLSchema-instance">
  <id>1bbd55d6-3063-4681-8357-13249b774a8e</id>
  <name>Procedure1</name>
  <parentId>90685eae-26cd-4d96-b8b7-2f6b7cf78c3f</parentId>
  <path>/QA_Artur/z_BIVC-dependency_search/Folder8/Procedure1</path>
  <properties />
  <parameterReferences xsi:nil="true" />
  <procedureType>Pre</procedureType>
  <sourceProcedure>
    <dataSourceId>258839bb-1f76-429c-966a-a8b7e5b91603</dataSourceId>
    <dataSourceName>DataSource1</dataSourceName>
    <schema>sys</schema>
    <catalog>BIVC_test</catalog>
    <procedure>sp_check_join_filter</procedure>
  </sourceProcedure>
  <includeAllResultColumns>false</includeAllResultColumns>
  <parameters>
    <parameter>
      <elementId>1bbd55d6-3063-4681-8357-13249b774a8e</elementId>
      <parameterId>@filtered_table</parameterId>
      <dataType>string</dataType>
      <nullable>false</nullable>
      <values xsi:nil="true" />
      <parameters xsi:nil="true" />
    </parameter>
    <parameter>
      <elementId>1bbd55d6-3063-4681-8357-13249b774a8e</elementId>
      <parameterId>@join_table</parameterId>
      <dataType>string</dataType>
      <nullable>false</nullable>
      <values xsi:nil="true" />
      <parameters xsi:nil="true" />
    </parameter>
    <parameter>
      <elementId>1bbd55d6-3063-4681-8357-13249b774a8e</elementId>
      <parameterId>@join_filterclause</parameterId>
      <dataType>string</dataType>
      <nullable>false</nullable>
      <values xsi:nil="true" />
      <parameters xsi:nil="true" />
    </parameter>
  </parameters>
  <resultColumns />
</Procedure>