<?xml version="1.0"?>
<Procedure xmlns:xsd="http://www.w3.org/2001/XMLSchema" xmlns:xsi="http://www.w3.org/2001/XMLSchema-instance">
  <id>a0e50c2d-9fca-4b68-934c-788a0474f6a3</id>
  <name>Procedure1</name>
  <parentId>636dedb6-48d9-4634-b99d-a17c50c65122</parentId>
  <path>/QA_Artur/z_BIVC-dependency_search/Folder8/Procedure1</path>
  <properties />
  <parameterReferences xsi:nil="true" />
  <procedureType>Pre</procedureType>
  <sourceProcedure>
    <dataSourceId>d4eb5f8c-670c-4c70-a0ca-9a475bc44b2c</dataSourceId>
    <dataSourceName>DataSource1</dataSourceName>
    <schema>sys</schema>
    <catalog>BIVC_test</catalog>
    <procedure>sp_check_join_filter</procedure>
  </sourceProcedure>
  <includeAllResultColumns>false</includeAllResultColumns>
  <parameters>
    <parameter>
      <elementId>a0e50c2d-9fca-4b68-934c-788a0474f6a3</elementId>
      <parameterId>@filtered_table</parameterId>
      <dataType>string</dataType>
      <nullable>false</nullable>
      <values xsi:nil="true" />
      <parameters xsi:nil="true" />
    </parameter>
    <parameter>
      <elementId>a0e50c2d-9fca-4b68-934c-788a0474f6a3</elementId>
      <parameterId>@join_table</parameterId>
      <dataType>string</dataType>
      <nullable>false</nullable>
      <values xsi:nil="true" />
      <parameters xsi:nil="true" />
    </parameter>
    <parameter>
      <elementId>a0e50c2d-9fca-4b68-934c-788a0474f6a3</elementId>
      <parameterId>@join_filterclause</parameterId>
      <dataType>string</dataType>
      <nullable>false</nullable>
      <values xsi:nil="true" />
      <parameters xsi:nil="true" />
    </parameter>
  </parameters>
  <resultColumns />
</Procedure>