<?xml version="1.0"?>
<Procedure xmlns:xsd="http://www.w3.org/2001/XMLSchema" xmlns:xsi="http://www.w3.org/2001/XMLSchema-instance">
  <id>e0ae3603-001c-48d6-8ac3-acf48909a9b6</id>
  <name>Procedure1</name>
  <parentId>f1e83a40-e922-428e-8f29-643d7a3d87aa</parentId>
  <path>/z_BIVC-dependency_search/Folder8/Procedure1</path>
  <properties />
  <parameterReferences xsi:nil="true" />
  <procedureType>Pre</procedureType>
  <sourceProcedure>
    <dataSourceId>0f4c5621-aa77-4d74-b53d-22c2f6fe411a</dataSourceId>
    <dataSourceName>DataSource1</dataSourceName>
    <schema>sys</schema>
    <catalog>BIVC_test</catalog>
    <procedure>sp_check_join_filter</procedure>
  </sourceProcedure>
  <includeAllResultColumns>false</includeAllResultColumns>
  <parameters>
    <parameter>
      <elementId>e0ae3603-001c-48d6-8ac3-acf48909a9b6</elementId>
      <parameterId>@filtered_table</parameterId>
      <dataType>string</dataType>
      <nullable>false</nullable>
      <values xsi:nil="true" />
      <parameters xsi:nil="true" />
    </parameter>
    <parameter>
      <elementId>e0ae3603-001c-48d6-8ac3-acf48909a9b6</elementId>
      <parameterId>@join_table</parameterId>
      <dataType>string</dataType>
      <nullable>false</nullable>
      <values xsi:nil="true" />
      <parameters xsi:nil="true" />
    </parameter>
    <parameter>
      <elementId>e0ae3603-001c-48d6-8ac3-acf48909a9b6</elementId>
      <parameterId>@join_filterclause</parameterId>
      <dataType>string</dataType>
      <nullable>false</nullable>
      <values xsi:nil="true" />
      <parameters xsi:nil="true" />
    </parameter>
  </parameters>
  <resultColumns />
</Procedure>